Title,Word,Meaning,Source,Vowels
Letters 1,באה,"comes (f,s)",Primary,בָּאָה
Letters 1,אבא,dad,Primary,אַבָּא
Letters 1,אהבה,love,Primary,אַהֲבָה
Letters 1,בא,"comes (m,s)",Primary,בָּא
Letters 1,אמא,mom,Primary,אִמָּא
Letters 1,אוהבת,"loves (f,s)",Primary,אוֹהֶבֶת
Letters 1,אתה,"you (m,s)",Primary,אַתָּה
Letters 1,את,"you (f,s)",Primary,אַת
Letters 1,מים,water,Primary,מַיִם
Letters 1,היא,she,Primary,הִיא
Letters 1,אני,I,Primary,אֲנִי
Letters 1,יין,wine,Primary,יַיִן
Letters 1,יונה,pigeon,Primary,יוֹנָה
Letters 1,אוהב,"loves (m,s)",Primary,אוֹהֵב
Letters 1,חלב,milk,Primary,חָלָב
Letters 1,לחם,bread,Primary,לֶחֶם
Letters 1,חם,"hot (m,s)",Primary,חָם
Letters 1,לא,no,Primary,לֹא
Letters 1,האם,Is...?,Secondary,הַאִם
Letters 1,או,or,Secondary,אוֹ
Letters 1,הוא,he,Secondary,הוּא
Letters 2,כלב,dog,Primary,כֶּלֶב
Letters 2,הולך,"walks, goes (m,s)",Primary,הוֹלֵךְ
Letters 2,הולכת,"walks, goes (f,s)",Primary,הוֹלֶכֶת
Letters 2,אוכל,"eats (m,s)",Primary,אוֹכֵל
Letters 2,מלך,king,Primary,מֶלֶךְ
Letters 2,אוכלת,"eats (f,s)",Primary,אוֹכֶלֶת
Letters 2,כן,yes,Primary,כֵּן
Letters 2,דרך,road,Primary,דֶּרֶךְ
Letters 2,רואָה,"sees (f,s)",Primary,רוֹאֶה
Letters 2,רואֶה,"sees (m,s)",Primary,רוֹאָה
Letters 2,ילדה,girl,Primary,יַלְדָּה
Letters 2,ילד,boy,Primary,יַלְד
Letters 2,אישה,woman,Primary,אִשָּׁה
Letters 2,שותָה,"drinks (f,s)",Primary,שׁוֹתֶה
Letters 2,שותֶה,"drinks (m,s)",Primary,שׁוֹתָה
Letters 2,משאית,truck,Primary,מַשָּׂאִית
Letters 2,שמח,happy,Primary,שָׂמֵחַ
Letters 2,אגוז,nut,Primary,אֱגוֹז
Letters 2,אורז,rice,Primary,אוֹרֶז
Letters 2,זאת,this (f),Primary,זֹאת
Letters 2,זה,this (m),Primary,זֶה
Letters 2,גבר,man,Primary,גֶּבֶר
Letters 3,יפֶה,beautiful,Primary,יָפָה
Letters 3,תפוז,orange (fruit),Primary,תַּפּוּז
Letters 3,תפוח,apple,Primary,תַּפּוּחַ
Letters 3,כיף,fun,Primary,כֵּיף
Letters 3,קוראת,"reads (f,s)",Primary,קוֹרְאָת
Letters 3,קורא,"reads (m,s)",Primary,קוֹרֵא
Letters 3,מתוק,sweet,Primary,מָתוֹק
Letters 3,יפָה,"beautiful (f,s)",Primary,יָפֶה
Letters 3,ספר,book,Primary,סֵפֶר
Letters 3,אפרסק,peach,Primary,אַפְּרִסְק
Letters 3,עצוב,sad,Primary,עָצוּב
Letters 3,רע,bad,Primary,רַע
Letters 3,עיתון,newspaper,Primary,עִתּוֹן
Letters 3,עוף,chicken (food),Primary,עוֹף
Letters 3,עוגה,cake,Primary,עֻגָּה
Letters 3,רוצֶה,"wants (m,s)",Primary,רוֹצָה
Letters 3,מיץ,juice,Primary,מֵיץ
Letters 3,רוצָה,"wants (f,s)",Primary,רוֹצֶה
Letters 3,חמוץ,sour,Primary,חָמוּץ
Letters 3,טוב,good,Primary,טוֹב
Letters 3,טעים,tasty,Primary,טָעִים
Phrases,שלום,hello,Primary,שָׁלוֹם
Phrases,תודה,thanks,Primary,תּוֹדָה
Phrases,להתראות,goodbye,Primary,לְהִתְרָאוֹת
Phrases,מה נשמע?,how are you?,Primary,מָה נִשְׁמַע?
Phrases,מה קורה?,what's happening?,Primary,מָה קוֹרֶה?
Phrases,מה שלומךָ?,how are you? (m),Primary,מָה שְׁלוֹמְךָ?
Phrases,מה שלומךְ?,how are you? (f),Primary,מָה שְׁלוֹמֵךְ?
Phrases,בסדר,fine,Primary,בְּסֵדֶר
Phrases,סליחה,sorry,Primary,סְלִיחָה
Phrases,בבקשה,please,Primary,בְּבַקָּשָׁה
Phrases,אין בעד מה,you are welcome,Primary,אֵין בְּעַד מַה
Phrases,לילה,night,Primary,לַיְלָה
Phrases,בוקר,morning,Primary,בּוֹקֶר
Phrases,ערב,evening,Primary,עֶרֶב
Phrases,אולי,maybe,Primary,אוּלַי
Phrases,עברית,Hebrew,Primary,עִבְרִית
Phrases,אנגלית,English,Primary,אַנְגְּלִית
Phrases,ברוך הבא,welcome,Primary,בָּרוּךְ הַבָּא
Phrases,קוראים לי,my name is,Primary,קוֹרְאִים לִי
Phrases,בהצלחה,good luck,Primary,בְּהַצְלָחָה
Phrases,מזל טוב,congratulations,Primary,מַזָּל טוֹב
Phrases,תודה רבה,thank you very much,Primary,תוֹדָה רַבָּה
Phrases,להנות,to enjoy,Secondary,לְהַנוֹת
Phrases,בתיאבון,Bon Appetit,Secondary,בְּתֵיאָבוֹן
Basics,גברים,men,Primary,גְּבָרִים
Basics,נשים,women,Primary,נָשִׁים
Basics,אנחנו,we,Primary,אֲנַחְנוּ
Basics,ילדים,children,Primary,יְלָדִים
Basics,רואים,"see (m,p)",Primary,רוֹאִים
Basics,רואות,"see (f,p)",Primary,רוֹאוֹת
Basics,הם,they (m),Primary,הֵם
Basics,הן,they (f),Primary,הֵן
Basics,אתן,"you (f,p)",Primary,אַתֵּן
Basics,אתם,"you (m,p)",Primary,אַתֶּם
There is,יש,there is,Primary,יֵשׁ
There is,אין,there is no,Primary,אֵין
There is,לי,to me,Primary,לִי
There is,לךָ,"to you (m,s)",Primary,לְךָ
There is,לךְ,"to you (f,s)",Primary,לָךְ
There is,לו,to him,Primary,לוֹ
There is,לה,to her,Primary,לָה
There is,לנו,to us,Primary,לָנוּ
There is,לכם,"to you (m,p)",Primary,לָכֶם
There is,לכן,"to you (f,p)",Primary,לָכֵן
There is,להם,to them (m),Primary,לָהֶם
There is,להן,to them (f),Primary,לָהֵן
There is,ל...,to,Primary,ל...
Adjectives,שמח,"happy (m,s)",Primary,שָׂמֵחַ
Adjectives,שמחה,"happy (f,s)",Primary,שִׂמְחָה
Adjectives,שמחים,"happy (m,p)",Primary,שְׂמֵחִים
Adjectives,שמחות,"happy (f,p)",Primary,שְׂמֵחוֹת
Adjectives,עצוב,"sad (m,s)",Primary,עָצוּב
Adjectives,עצובה,"sad (f,s)",Primary,עֲצוּבָה
Adjectives,עצובים,"sad (m,p)",Primary,עֲצוּבִים
Adjectives,עצובות,"sad (f,p)",Primary,עֲצוּבוֹת
Adjectives,יפָה,"beautiful (f,s)",Primary,יָפָה
Adjectives,יפֶה,"beautiful (m,s)",Primary,יָפֶה
Adjectives,יפים,"beautiful (m,p)",Primary,יָפִים
Adjectives,יפות,"beautiful (f,p)",Primary,יָפוֹת
Adjectives,טעים,"tasty (m,s)",Primary,טָעִים
Adjectives,טעימה,"tasty (f,s)",Primary,טְעִימָה
Adjectives,טעימים,"tasty (m,p)",Primary,טְעִימִים
Adjectives,טעימות,"tasty (f,p)",Primary,טְעִימוֹת
Adjectives,טוב,"good (m,s)",Primary,טוֹב
Adjectives,טובה,"good (f,s)",Primary,טוֹבָה
Adjectives,טובים,"good (m,p)",Primary,טוֹבִים
Adjectives,טובות,"good (f,p)",Primary,טוֹבוֹת
Adjectives,רע,"bad (m,s)",Primary,רַע
Adjectives,רעה,"bad (f,s)",Primary,רָעָה
Adjectives,רעים,"bad (m,p)",Primary,רָעִים
Adjectives,רעות,"bad (f,p)",Primary,רָעוֹת
Food 1,צלחת,plate,Primary,צַלַּחַת
Food 1,דג,fish,Primary,דָּג
Food 1,לאכול,to eat,Primary,לֶאֱכוֹל
Food 1,קפה,coffee,Primary,קָפֶה
Food 1,ביצה,egg,Primary,בֵּיצָה
Food 1,ארוחת צהריים,lunch,Primary,אֲרוּחַת צָהֳרַיִם
Food 1,ארוחת בוקר,breakfast,Primary,אֲרוּחַת בּוֹקֶר
Food 1,ארוחת ערב,dinner,Primary,אֲרוּחַת עֶרֶב
Food 1,פרי,fruit,Primary,פְּרִי
Food 1,פסטה,pasta,Primary,פַּסְטָה
Food 1,סוכר,sugar,Primary,סוּכַּר
Food 1,שותים,"drink (m,p)",Primary,שׁוֹתִים
Food 1,שותות,"drink (f,p)",Primary,שׁוֹתוֹת
Food 1,בירה,beer,Primary,בִּירָה
Food 1,תות,strawberry,Primary,תוּת
Food 1,גבינה,cheese,Primary,גְּבִינָה
Food 1,בשר,meat,Primary,בָּשָׂר
Food 1,עגבניה,tomato,Primary,עֲגָבְנִיָּה
Food 1,מרק,soup,Primary,מָרָק
Food 1,רוצים,"want (m,p)",Primary,רוֹצִים
Food 1,רוצות,"want (f,p)",Primary,רוֹצוֹת
Food 1,שמן,oil,Primary,שֶׁמֶן
Food 1,לימון,lemon,Primary,לִימוֹן
Food 1,בננה,banana,Primary,בַּנָּנָה
Food 1,כריך,sandwich,Primary,כַּרִיךְ
Food 1,מלח,salt,Primary,מֶלַח
Food 1,רעב,"hungry (m,s)",Primary,רָעֵב
Food 1,בקר,beef,Primary,בָּקָר
Food 1,בקבוק,bottle,Primary,בַּקְבּוּק
Food 1,סלט,salad,Primary,סָלָט
Food 1,חמאה,butter,Primary,חֶמְאָה
Food 1,פטרייה,mushroom,Primary,פֶּטְרִיָּה
Food 1,פיצה,pizza,Primary,פִּיצָה
Food 1,אננס,pineapple,Primary,אַנָּנָס
Food 1,שוקולד,chocolate,Primary,שׁוֹקוֹלָד
Food 1,זית,olive,Primary,זַיִת
Animals,חתול,cat,Primary,חָתוּל
Animals,סוס,horse,Primary,סוּס
Animals,ציפור,bird,Primary,צִפּוֹר
Animals,פיל,elephant,Primary,פִּיל
Animals,ברווז,duck,Primary,בָּרוְוז
Animals,צב,turtle,Primary,צָב
Animals,חמור,donkey,Primary,חֲמוֹר
Animals,סרטן,crab,Primary,סַרְטָן
Animals,עכביש,spider,Primary,עַכְבִּישׁ
Animals,חיה,animal,Primary,חַיָּה
Animals,דוב,bear,Primary,דּוֹב
Animals,עכבר,mouse,Primary,עַכְבָּר
Animals,גמל,camel,Primary,גָּמָל
Animals,אריה,lion,Primary,אַרְיֵה
Animals,נשר,eagle,Primary,נֶשֶׁר
Animals,חיות,animals,Primary,חַיּוֹת
Animals,זבוב,fly,Primary,זְבוּב
Animals,חרק,insect,Primary,חָרָק
Animals,ארנב,rabbit,Primary,אַרְנָב
Animals,לנבוח,to bark,Primary,לָנְבוֹחַ
Animals,נחש,snake,Primary,נָחָשׁ
Animals,קוף,monkey,Primary,קוֹף
Animals,זנב,tail,Primary,זָנָב
Animals,דבורה,bee,Primary,דְּבוֹרָה
Animals,חיית מחמד,pet,Primary,חַיַּת מַחֲמַד
Animals,ינשוף,owl,Primary,יַנְשׁוּף
Animals,פרה,cow,Primary,פָּרָה
Animals,תרנגול,rooster,Primary,תַּרְנְגוֹל
Animals,תרנגולת,chicken (animal),Primary,
Animals,חזיר,pig,Primary,
Plurals,תפוחים,apples,Primary,
Plurals,תפוזים,oranges,Primary,
Plurals,כלבים,dogs,Primary,
Plurals,חתולים,cats,Primary,
Plurals,סוסים,horses,Primary,
Plurals,עיתונים,newspapers,Primary,
Plurals,ספרים,books,Primary,
Plurals,צבים,turtles,Primary,
Plurals,פילים,elephants,Primary,
Plurals,ציפורים,birds,Primary,
Plurals,כריכים,sandwiches,Primary,
Plurals,ברווזים,ducks,Primary,
Plurals,דרכים,roads,Primary,
Plurals,צלחות,plates,Primary,
Plurals,חיות מחמד,pets,Primary,
Plurals,יינות,wines,Primary,
Plurals,גבינות,cheeses,Primary,
Plurals,בירות,beers,Primary,
Plurals,עוגות,cakes,Primary,
Plurals,כלבות,dogs (f),Primary,
Plurals,סוסות,horses (f),Primary,
Plurals,חתולות,cats (f),Primary,
Plurals,ברווזות,ducks (f),Primary,
Plurals,פרות,cows,Primary,
Plurals,ילדות,girls,Primary,
Plurals,אריות,lions,Primary,
Possessives 1,שלי,my,Primary,
Possessives 1,שלךָ,"your (m,s)",Primary,
Possessives 1,שלךְ,"your (f,s)",Primary,
Possessives 1,שלו,his,Primary,
Possessives 1,שלה,her,Primary,
Possessives 1,שלכם,"your (m,p)",Primary,
Possessives 1,שלכן,"your (f,p)",Primary,
Possessives 1,שלנו,our,Primary,
Possessives 1,שלהם,their (m),Primary,
Possessives 1,שלהן,their (f),Primary,
Possessives 1,של,of,Primary,
Possessives 1,שיך,belongs,Secondary,
Adjectives 1,קטן,small,Primary,
Adjectives 1,גדול,big,Primary,
Adjectives 1,חדש,new,Primary,
Adjectives 1,ישן,old (objects),Primary,
Adjectives 1,חם,hot,Primary,
Adjectives 1,קר,cold,Primary,
Adjectives 1,גבוה,"tall, high",Primary,
Adjectives 1,נמוך,"short, low",Primary,
Adjectives 1,קרוב,close,Primary,
Adjectives 1,רחוק,"far, distant",Primary,
Adjectives 1,ארוך,long,Primary,
Adjectives 1,קצר,short,Primary,
Adjectives 1,איטי,slow,Primary,
Adjectives 1,מהיר,fast,Primary,
Adjectives 1,מלא,full,Primary,
Adjectives 1,ריק,empty,Primary,
Adjectives 1,יבש,dry,Primary,
Adjectives 1,רטוב,wet,Primary,
Direct Object,אותי,me,Secondary,
Direct Object,אותךָ,"thee (m,s)",Secondary,
Direct Object,אותךְ,"thee (f,s)",Secondary,
Direct Object,אותו,"him (m,s)",Secondary,
Direct Object,אותה,"her (f,s)",Secondary,
Direct Object,צריך,need,Secondary,
Direct Object,אותנו,us,Secondary,
Direct Object,אתכם,"you (m,p)",Secondary,
Direct Object,אתכן,"you (f,p)",Secondary,
Direct Object,אותם,"them (m,p)",Secondary,
Direct Object,אותן,"them (f,p)",Secondary,
Food 2,ארוחה,meal,Primary,
Food 2,צמחוני,vegetarian,Primary,
Food 2,תה,tea,Primary,
Food 2,מזלג,fork,Primary,
Food 2,סכין,knife,Primary,
Food 2,כוס,"cup, glass",Primary,
Food 2,מפית,napkin,Primary,
Food 2,כף,spoon,Primary,
Food 2,קערה,bowl,Primary,
Food 2,לבשל,to cook,Primary,
Food 2,צמא,thirsty,Primary,
Food 2,כפית,teaspoon,Primary,
Food 2,תפריט,menu,Primary,
Food 2,רוטב,"sauce, gravy",Primary,
Food 2,ירק,vegetable,Primary,
Food 2,מסעדה,restaurant,Primary,
Food 2,פלפל,"pepper, capsicum",Primary,
Food 2,מתכון,recipe,Primary,
Food 2,דבש,honey,Primary,
Food 2,מלוח,salty,Primary,
Food 2,חריף,"hot, spicy",Primary,
Food 2,מר,bitter,Primary,
Food 2,מטבח,kitchen,Primary,
Food 2,מלפפון,cucumber,Primary,
Food 2,לאפות,to bake,Primary,
Food 2,גזר,carrot,Primary,
Food 2,ממתק,candy,Primary,
Food 2,עוגייה,cookie,Primary,
Food 2,אבטיח,watermelon,Primary,
Food 2,בוטן,peanut,Primary,
Food 2,בצל,onion,Primary,
Food 2,ריבה,jam,Primary,
Food 2,ענב,grape,Primary,
Food 2,אבוקדו,avocado,Primary,
Food 2,תפוח אדמה,potato,Primary,
Food 2,משקה,"beverage, drink",Primary,
Food 2,דובדבן,cherry,Primary,
Food 2,מסטיק,gum,Primary,
Food 2,גלידה,ice cream,Primary,
Food 2,מנגו,mango,Primary,
Food 2,שום,garlic,Primary,
Food 2,ריח,smell,Primary,
Food 2,טעם,taste,Primary,
Food 2,סיר,pot,Primary,
Food 2,מצרכים,ingredients,Primary,
Food 2,קמח,flour,Primary,
Clothing,ללבוש,to wear,Primary,
Clothing,חולצה,shirt,Primary,
Clothing,נעל,shoe,Primary,
Clothing,חצאית,skirt,Primary,
Clothing,מעיל,coat,Primary,
Clothing,שמלה,dress,Primary,
Clothing,לנעול,to wear shoes,Primary,
Clothing,מכנסיים,pants,Primary,
Clothing,חליפה,suit,Primary,
Clothing,כובע,hat,Primary,
Clothing,חגורה,belt,Primary,
Clothing,לחבוש,to wear (headgear),Primary,
Clothing,משקפיים,glasses,Primary,
Clothing,משקפי שמש,sunglasses,Primary,
Clothing,כפפה,glove,Primary,
Clothing,טבעת,ring,Primary,
Clothing,לענוד,to wear (a ring),Primary,
Clothing,שרשרת,chain,Primary,
Clothing,לשים,to put,Primary,
Clothing,להרכיב,to wear (glasses),Primary,
Clothing,גרב,sock,Primary,
Clothing,לגרוב,to wear (socks),Primary,
Clothing,תכשיט,a piece of jewelry,Primary,
Clothing,ג'ינס,jeans,Primary,
Clothing,בגד ים,swimsuit,Primary,
Clothing,תחפושת,costume,Primary,
Clothing,עניבה,tie,Primary,
Clothing,ז'קט,jacket,Primary,
Clothing,סוודר,sweater,Primary,
Clothing,צמיד,bracelet,Primary,
Clothing,צעיף,scarf,Primary,
Clothing,כיס,pocket,Primary,
Present 1,כותב,writes,Primary,
Present 1,שוחה,swims,Primary,
Present 1,שומע,hears,Primary,
Present 1,ישן,sleeps,Primary,
Present 1,נוגע,touches,Primary,
Present 1,אומר,says,Primary,
Present 1,עושה,does,Primary,
Present 1,עובד,works,Primary,
Present 1,מוצא,finds,Primary,
Present 1,תומך,supports,Primary,
Present 1,לוקח,takes,Primary,
Present 1,יודע,knows,Primary,
Present 1,נותן,gives,Primary,
Present 1,קונה,buys,Primary,
Present 1,מוכר,sells,Primary,
Present 1,רושם,"writes, lists",Primary,
Present 1,סוגר,closes,Primary,
Present 1,פותח,opens,Primary,
Present 1,כואב,aches,Primary,
Present 1,חושב,thinks,Primary,
Present 1,חוזר,"returns, comes back",Primary,
Present 1,קורא,reads,Primary,
Present 1,שומר,guards,Primary,
Present 1,לומד,studies,Primary,
Present 1,הולך,"walks, goes",Primary,
Present 1,כועס,is mad about...,Primary,
Present 1,כולל,includes,Primary,
Present 1,זוכר,remembers,Primary,
Present 1,רץ,runs,Primary,
Present 1,שר,sings,Primary,
Present 1,נח,rests,Primary,
Present 1,עוזב,leaves,Primary,
Present 1,שוקל,weighs,Primary,
Present 1,עוזר,helps,Primary,
Present 1,שונא,hates,Primary,
Present 1,חותם,signs,Primary,
Present 1,רוקד,dances,Primary,
Present 1,יוצר,creates,Primary,
Present 1,עומד,stands,Primary,
Present 1,חותך,cuts,Primary,
Present 1,יושב,sits,Primary,
Present 1,גדל,grows,Primary,
Present 1,שוכח,forgets,Primary,
Present 1,צופה,watches,Primary,
Present 1,יוצא,"goes out, exits",Primary,
Present 1,בוהה,stares,Primary,
Present 1,שוכר,rents,Primary,
Present 1,שולח,sends,Primary,
Present 1,בודק,checks,Primary,
Present 1,שובר,breaks,Primary,
Present 1,גונב,steals,Primary,
Present 1,הופך,turns,Primary,
Present 1,בורח,"escapes, runs away",Primary,
Present 1,מכיר,knows (recognizes),Primary,
Present 1,עונֶה,answers,Primary,
Present 1,אחד (-)שני,each other,Secondary,
Colors,אדום,red,Primary,
Colors,כתום,orange (color),Primary,
Colors,שחור,black,Primary,
Colors,לבן,white,Primary,
Colors,כחול,blue,Primary,
Colors,צהוב,yellow,Primary,
Colors,ירוק,green,Primary,
Colors,לצבוע,"to paint, to color",Primary,
Colors,צבע,color,Primary,
Colors,אפור,grey,Primary,
Colors,חום,brown,Primary,
Colors,ורוד,pink,Primary,
Colors,צבעוני,colorful,Primary,
Colors,סגול,purple,Primary,
Prepositions 1,ב...,in,Primary,
Prepositions 1,מ...,from,Primary,
Prepositions 1,בשביל,for,Primary,
Prepositions 1,עם,with,Primary,
Prepositions 1,ליד,"next to, adjacent to",Primary,
Prepositions 1,בתוך,inside,Primary,
Prepositions 1,נגד,against,Primary,
Prepositions 1,איתי,with me,Primary,
Prepositions 1,איתה,with her,Primary,
Prepositions 1,איתו,with him,Primary,
Prepositions 1,איתנו,with us,Primary,
Numbers 1,לספור,to count,Primary,
Numbers 1,מספר,number,Primary,
Numbers 1,יותר,more,Primary,
Numbers 1,פחות,less,Primary,
Numbers 1,יותר מדי,"too much, too many",Primary,
Numbers 1,הרבה,a lot,Primary,
Numbers 1,אחת,one (f),Primary,
Numbers 1,אחד,one (m),Primary,
Numbers 1,שתיים,two (f),Primary,
Numbers 1,שניים,two (m),Primary,
Numbers 1,שלוש,three (f),Primary,
Numbers 1,שלושה,three (m),Primary,
Numbers 1,ארבע,four (f),Primary,
Numbers 1,ארבעה,four (m),Primary,
Numbers 1,חמש,five (f),Primary,
Numbers 1,חמישה,five (m),Primary,
Numbers 1,שש,six (f),Primary,
Numbers 1,שישה,six (m),Primary,
Numbers 1,שבע,seven (f),Primary,
Numbers 1,שבעה,seven (m),Primary,
Numbers 1,שמונֶה,eight (f),Primary,
Numbers 1,שמונָה,eight (m),Primary,
Numbers 1,תשע,nine (f),Primary,
Numbers 1,תשעה,nine (m),Primary,
Numbers 1,עשר,ten (f),Primary,
Numbers 1,עשרה,ten (m),Primary,
Numbers 1,אחת עשרה,eleven (f),Primary,
Numbers 1,אחד עשר,eleven (m),Primary,
Numbers 1,שתים עשרה,twelve (f),Primary,
Numbers 1,שנים עשר,twelve (m),Primary,
Numbers 1,שלוש עשרה,thirteen (f),Primary,
Numbers 1,שלושה עשר,thirteen (m),Primary,
Numbers 1,עשרים,twenty,Primary,
Numbers 1,אפס,zero,Primary,
Numbers 1,מדי,too,Secondary,
Questions,מה?,what?,Primary,
Questions,איפה?,where?,Primary,
Questions,למה?,why?,Primary,
Questions,כמה?,"how much?, how many?",Primary,
Questions,מי?,who?,Primary,
Questions,מאיפה?,where from?,Primary,
Questions,מתי?,when?,Primary,
Questions,איך?,how?,Primary,
Questions,של מי?,whose?,Primary,
Questions,איזה?,which? (m),Primary,
Questions,איזו?,which (f),Primary,
Questions,באיזה?,in which?,Primary,
Questions,עם מי?,with who?,Primary,
Questions,לאן?,where to?,Primary,
Questions,למי?,to who?,Primary,
Questions,ממי?,from who?,Primary,
Questions,בשביל מה?,what for?,Primary,
Questions,לשאול,to ask,Primary,
Questions,לענות,"to answer, to reply",Primary,
Questions,תשובה,answer,Secondary,
Questions,שאלה,question,Secondary,
Questions,את מי,whom,Secondary,
Questions,אילו,which (pl.),Secondary,
Determiner,הזה,this (m),Secondary,
Determiner,האלו,these,Secondary,
Determiner,כולן,all of them,Secondary,
Determiner,אף אחד,nobody,Secondary,
Determiner,הזאת,this (f),Secondary,
Determiner,אלה,these,Secondary,
Determiner,כל,all,Secondary,
Determiner,כזה,like this,Secondary,
Determiner,אלו,these,Secondary,
Determiner,כולם,everyone,Secondary,
Determiner,שום,any,Secondary,
Determiner,שום דבר,nothing,Secondary,
Determiner,שום דבר מלבד,nothing but,Secondary,
Determiner,אחר,other,Secondary,
Determiner,משהו,something,Secondary,
Determiner,שניהם,both,Secondary,
Determiner,מישהו,someone,Secondary,
Determiner,הכל,everything,Secondary,
Determiner,אותו ה-,the same,Secondary,
Determiner,ככה,"so, thus",Secondary,
Occupations,תלמיד,student,Primary,
Occupations,רופא,doctor,Primary,
Occupations,עבודה,work,Primary,
Occupations,סופר,author,Primary,
Occupations,מקצוע,profession,Primary,
Occupations,דוגמן,model,Primary,
Occupations,במאי,director,Primary,
Occupations,קריירה,career,Primary,
Occupations,צוות,"crew, team, staff",Primary,
Occupations,משטרה,police,Primary,
Occupations,אמן,artist,Primary,
Occupations,מזכיר,secretary,Primary,
Occupations,צייר,painter,Primary,
Occupations,שופט,"judge, referee",Primary,
Occupations,עורך דין,lawyer,Primary,
Occupations,פועל,worker,Primary,
Occupations,שוטר,policeman,Primary,
Occupations,קצין,officer,Primary,
Occupations,עיתונאי,journalist,Primary,
Occupations,חייל,soldier,Primary,
Occupations,קברניט,captain,Primary,
Occupations,בוס,boss,Primary,
Occupations,שומר,guard,Primary,
Occupations,שחקן,"actor, player",Primary,
Occupations,התמחות,"internship, apprenticeship",Primary,
Occupations,נהג,driver,Primary,
Occupations,טבח,cook,Primary,
Occupations,מלצר,waiter,Primary,
Occupations,מהנדס,engineer,Primary,
Occupations,אדריכל,architect,Primary,
Occupations,חקלאי,farmer,Primary,
Occupation,אכר,farmer,Secondary,
Conjunctions,אם,if,Primary,
Conjunctions,אבל,but,Primary,
Conjunctions,כי,because,Primary,
Conjunctions,עדיין,still,Primary,
Conjunctions,גם,also,Primary,
Conjunctions,אף על פי,even though,Primary,
Conjunctions,למרות,despite,Primary,
Conjunctions,רק,only,Primary,
Conjunctions,כבר,already,Primary,
Conjunctions,חוץ מ...,except for...,Primary,
Conjunctions,אפילו,even,Primary,
Conjunctions,בזמן ש...,while,Secondary,
Conjunctions,מתי ש...,when,Secondary,
Conjunctions,אז,so,Secondary,
Conjunctions,לכן,"so, that's why",Secondary,
Conjunctions,כש...,when,Secondary,
Conjunctions,אחרי ש,after that,Secondary,
Conjunctions,אך,"but, however, nevertheless",Secondary,
Conjunctions,לפני ש,before that,Secondary,
Conjunctions,אלא,"but, only, however",Secondary,
Conjunctions,אף,"also, even",Secondary,
Prepositions 2,בחוץ,outside,Primary,
Prepositions 2,בפנים,inside,Primary,
Prepositions 2,מול,"across, against",Primary,
Prepositions 2,בין,between,Primary,
Prepositions 2,אל,to,Primary,
Prepositions 2,על,on,Primary,
Prepositions 2,לפני,before,Primary,
Prepositions 2,אחרי,after,Primary,
Prepositions 2,בלי,without,Primary,
Prepositions 2,נמצא,"to be found, present",Secondary,
Prepositions 2,אצל,"at, in the possession of",Secondary,
Prepositions 2,מאחורי,behind,Secondary,
Prepositions 2,מתחת,below,Secondary,
Prepositions 2,מעל,above,Secondary,
Prepositions 2,אך ורק,only (stressed),Secondary,
Posessives 2,לדיהם,Their generation,Tertiary,
Posessives 2,שמלתה,Her dress,Tertiary,
Posessives 2,חולצתו,His shirt,Tertiary,
Posessives 2,כלבתה,Their female dog,Tertiary,
Posessives 2,מסעדתנו,Our restaurant,Tertiary,
Posessives 2,ילדתו,His daughter,Tertiary,
Posessives 2,סוס,Horse,Tertiary,
Posessives 2,כלבם,Their dog,Tertiary,
Posessives 2,אמי,My mother,Tertiary,
Posessives 2,אביו,His father,Tertiary,
Posessives 2,ילדו,His child,Tertiary,
Posessives 2,ילדותיו,His daughters,Tertiary,
Posessives 2,ציפורים,Birds,Tertiary,
Posessives 2,מסעדותיה,His restaurants,Tertiary,
Posessives 2,חולצותיהם,Their shirts,Tertiary,
Posessives 2,כלביהם,Their dogs,Tertiary,
Present 2,מבקש,"asks for, requests",Primary,
Present 2,משלם,pays,Primary,
Present 2,מפספס,misses (not emotion),Primary,
Present 2,משחק,"plays, acts",Primary,
Present 2,מספר,tells,Primary,
Present 2,מעצב,designs,Primary,
Present 2,משנה,changes,Primary,
Present 2,מנסה,tries,Primary,
Present 2,מקווה,hopes,Primary,
Present 2,מחפש,"searches, looking for",Primary,
Present 2,מֵגדל,"grows, raises",Primary,
Present 2,מסמן,signals,Primary,
Present 2,מאחל,wishes,Primary,
Present 2,מערבב,"stirs, mixes",Primary,
Present 2,מכבד,respects,Primary,
Present 2,מסדר,"arranges, organizes",Primary,
Present 2,מייבש,dries,Primary,
Present 2,מחמם,heats up,Primary,
Present 2,מייבא,imports,Primary,
Present 2,ממלא,fills,Primary,
Present 2,מבזבז,wastes,Primary,
Present 2,מבקר,visits,Primary,
Present 2,מקבל,receives,Primary,
Present 2,מרחם,pities,Primary,
Present 2,מקנא,is jealous of...,Primary,
Present 2,מטפס,climbs,Primary,
Present 2,מנצח,wins,Primary,
Present 2,מאמן,trains (someone),Primary,
Present 2,משקר,lies,Primary,
Present 2,מאחר,is running late,Primary,
Present 2,מחכה,waits,Primary,
Present 2,מספק,satisfies,Primary,
Present 2,מסיים,finishes,Primary,
Present 2,משכנע,convinces,Primary,
Present 2,מאבד,loses,Primary,
Present 2,מצלם,"photographs, shoots",Primary,
Present 2,מאמץ,adopts,Primary,
Present 2,מפחד,is scared of...,Primary,
Present 2,מאשר,"approves, confirms",Primary,
Present 2,מגלה,discovers,Primary,
Present 2,מגלח,shaves,Primary,
Present 2,מחדש,renews,Primary,
Present 2,מברך,"blesses, congratulates",Primary,
Present 2,מתאר,describes,Primary,
Present 2,מתקן,"fixes, repairs",Primary,
Dates and Time,יום,day,Primary,
Dates and Time,היום,today,Primary,
Dates and Time,יום ראשון,Sunday,Primary,
Dates and Time,יום שני,Monday,Primary,
Dates and Time,יום שלישי,Tuesday,Primary,
Dates and Time,יום רביעי,Wednesday,Primary,
Dates and Time,יום חמישי,Thursday,Primary,
Dates and Time,יום שישי,Friday,Primary,
Dates and Time,שבת,"Saturday, Shabbat",Primary,
Dates and Time,זמן,time,Primary,
Dates and Time,מחר,tomorrow,Primary,
Dates and Time,אחר הצהריים,afternoon,Primary,
Dates and Time,שעה,hour,Primary,
Dates and Time,דקה,minute,Primary,
Dates and Time,שניה,second (time unit),Primary,
Dates and Time,שבוע,week,Primary,
Dates and Time,חודש,month,Primary,
Dates and Time,אתמול,yesterday,Primary,
Dates and Time,לוח שנה,calendar,Primary,
Dates and Time,תאריך,date,Primary,
Dates and Time,ינואר,January,Primary,
Dates and Time,פברואר,February,Primary,
Dates and Time,מרץ,March,Primary,
Dates and Time,אפריל,April,Primary,
Dates and Time,מאי,May,Primary,
Dates and Time,יוני,June,Primary,
Dates and Time,יולי,July,Primary,
Dates and Time,אוגוסט,August,Primary,
Dates and Time,ספטמבר,September,Primary,
Dates and Time,אוקטובר,October,Primary,
Dates and Time,נובמבר,November,Primary,
Dates and Time,דצמבר,December,Primary,
Dates and Time,אביב,spring,Primary,
Dates and Time,חורף,winter,Primary,
Dates and Time,סתיו,"autumn, fall",Primary,
Dates and Time,קיץ,summer,Primary,
Dates and Time,עונה,season,Primary,
Dates and Time,חצות,midnight,Primary,
Dates and Time,יום הולדת,birthday,Primary,
Dates and Time,תקופה,period (time),Primary,
Dates and Time,רגע,moment,Primary,
Dates and Time,אף פעם,never,Primary,
Dates and Time,קצת,a bit,Primary,
Dates and Time,עשור,decade,Primary,
Dates and Time,עידן,era,Primary,
Dates and Time,תמיד,always,Primary,
Dates and Time,גיל,age,Primary,
Dates and Time,דור,generation,Primary,
Dates and Time,עכשיו,now,Primary,
Dates and Time,מחרתיים,in two days,Primary,
Dates and Time,כיום,nowadays,Primary,
Dates and Time,שנתיים,two years,Primary,
Dates and Time,חודשיים,two months,Primary,
Dates and Time,שבועיים,two weeks,Primary,
Dates and Time,יומיים,two days,Primary,
Dates and Time,שעתיים,two hours,Primary,
Dates and Time,שלשום,the day before yesterday,Primary,
Dates and Time,הווה,present,Primary,
Dates and Time,שנה,year,Secondary,
Dates and Time,הבאה,next,Secondary,
Dates and Time,מאה,century,Secondary,
Dates and Time,עד,till,Secondary,
Dates and Time,מסיבה,party,Secondary,
Dates and Time,מהלך,"process, development",Secondary,
Adjectives 2,עייף,tired,Primary,
Adjectives 2,רגיל,"regular, ordinary",Primary,
Adjectives 2,אמיתי,"real, true",Primary,
Adjectives 2,מיוחד,special,Primary,
Adjectives 2,זקן,old (people),Primary,
Adjectives 2,צעיר,young,Primary,
Adjectives 2,פתוח,open,Primary,
Adjectives 2,סגור,closed,Primary,
Adjectives 2,נקי,clean,Primary,
Adjectives 2,מלוכלך,dirty,Primary,
Adjectives 2,חשוב,important,Primary,
Adjectives 2,מרכזי,central,Primary,
Adjectives 2,זול,cheap,Primary,
Adjectives 2,יקר,expensive,Primary,
Adjectives 2,חזק,strong,Primary,
Adjectives 2,חלש,weak,Primary,
Adjectives 2,עני,poor,Primary,
Adjectives 2,עשיר,rich,Primary,
Adjectives 2,אפשרי,possible,Primary,
Adjectives 2,בלתי אפשרי,impossible,Primary,
Adjectives 2,נהדר,"wonderful, great",Primary,
Adjectives 2,פרטי,private,Primary,
Adjectives 2,חי,alive,Primary,
Adjectives 2,נחמד,nice,Primary,
Adjectives 2,הכרחי,necessary,Primary,
Adjectives 2,עצמאי,independent,Primary,
Adjectives 2,אחראי,responsible,Primary,
Adjectives 2,חופשי,free,Primary,
Adjectives 2,פשוט,simple,Primary,
Adjectives 2,מצוין,excellent,Primary,
Adjectives 2,מגעיל,"disgusting, nasty",Primary,
Adjectives 2,מושלם,perfect,Primary,
Adjectives 2,שגוי,incorrect,Primary,
Adjectives 2,נכון,correct,Primary,
Adjectives 2,משעמם,boring,Primary,
Adjectives 2,מעניין,interesting,Primary,
Adjectives 2,רציני,serious,Primary,
Adjectives 2,מפורסם,famous,Primary,
Adjectives 2,שלילי,negative,Primary,
Adjectives 2,חיובי,positive,Primary,
Adjectives 2,קשה,"hard, difficult",Primary,
Adjectives 2,קל,"light, easy",Primary,
Adjectives 2,יעיל,efficient,Primary,
Adjectives 2,נוח,comfortable,Primary,
Adjectives 2,מקצועי,professional,Primary,
Adjectives 2,צבאי,military (adj.),Primary,
Adjectives 2,מוכר,familiar,Primary,
Adjectives 2,רזה,thin,Primary,
Adjectives 2,שמן,fat,Primary,
Adjectives 2,רבות,many,Secondary,
Adverbs,שם,there (location),Primary,
Adverbs,פה,here (location),Primary,
Adverbs,מאוד,very,Primary,
Adverbs,עוד,more,Primary,
Adverbs,כמו,"like, as",Primary,
Adverbs,פעם,"once, one time",Primary,
Adverbs,כאן,here (location),Primary,
Adverbs,די,enough,Primary,
Adverbs,לעיתים קרובות,"often, frequently",Primary,
Adverbs,לעיתים רחוקות,"rarely, infrequently",Primary,
Adverbs,בכל זאת,anyway,Primary,
Adverbs,באמת,"really, truly",Primary,
Adverbs,שוב,again,Primary,
Adverbs,לפעמים,sometimes,Primary,
Adverbs,לפחות,at least,Primary,
Adverbs,כמו תמיד,as always,Primary,
Adverbs,אחרת,"differently, otherwise",Primary,
Adverbs,בכל אופן,anyway,Primary,
Adverbs,לבד,alone,Primary,
Adverbs,בעיקר,"mostly, mainly",Primary,
Adverbs,אחר כך,"later, afterwards",Primary,
Adverbs,בדרך כלל,"usually, normally",Primary,
Adverbs,מספיק,enough,Primary,
Adverbs,בקרוב,soon,Primary,
Adverbs,בינתיים,in the meanwhile,Primary,
Adverbs,כמעט,"almost, nearly",Primary,
Adverbs,מאוחר,late,Primary,
Adverbs,מוקדם,early,Primary,
Adverbs,במיוחד,especially,Primary,
Adverbs,סוף סוף,finally,Primary,
Adverbs,לא בהכרח,not necessarily,Primary,
Adverbs,בערך,"approximately, sort of, roughly",Primary,
Adverbs,בדיוק,exactly,Primary,
Adverbs,בקלות,easily,Primary,
Adverbs,לגמרי,"completely, entirely",Primary,
Adverbs,בקושי,"hardly, barely",Primary,
Adverbs,לאו דווקא,not necessarily,Primary,
Adverbs,באופן כללי,"in general, generally",Primary,
Adverbs,סביר להניח,"probably, safe to assume",Primary,
Adverbs,בכל מקום,everywhere,Primary,
Adverbs,מיד,immediately,Primary,
Adverbs,ביחד,together,Primary,
Adverbs,כל כך,so (much/many),Primary,
Adverbs,בהחלט,"definitely, certainly",Primary,
Adverbs,לאחרונה,"lately, recently",Primary,
Adverbs,ממש,"really, very",Secondary,
Adverbs,הרחק,far away,Secondary,
Adverbs,כרגע,just now,Secondary,
Adverbs,משך,duration,Secondary,
Adverbs,ברור,clearly,Secondary,
Adverbs,לאט,slowly,Secondary,
Adverbs,מהר,quickly,Secondary,
Adverbs,אופן,"method, mode",Secondary,
Family,בן,son,Primary,
Family,בת,daughter,Primary,
Family,אח,brother,Primary,
Family,אחות,sister,Primary,
Family,אחים,brothers,Primary,
Family,אחיות,sisters,Primary,
Family,משפחה,family,Primary,
Family,הורה,parent,Primary,
Family,בעל,husband,Primary,
Family,אישה,wife,Primary,
Family,שם משפחה,surname,Primary,
Family,שם פרטי,first name,Primary,
Family,נישואין,marriage,Primary,
Family,סבא,grandfather,Primary,
Family,סבתא,grandmother,Primary,
Family,נכד,grandson,Primary,
Family,נכדה,granddaughter,Primary,
Family,חתונה,wedding,Primary,
Family,דוד,uncle,Primary,
Family,דודה,aunt,Primary,
Family,בן דוד,cousin (m),Primary,
Family,בת דודה,cousin (f),Primary,
Family,כלה,bride,Primary,
Family,חתן,groom,Primary,
Family,בן זוג,partner (m),Primary,
Family,בת זוג,partner (f),Primary,
Family,אחיין,nephew,Primary,
Family,אחיינית,niece,Primary,
Family,תינוק,baby,Primary,
Family,חיים,life,Primary,
Home,בית,"house, home",Primary,
Home,מפתח,key,Primary,
Home,מיטה,bed,Primary,
Home,ספה,"sofa, couch",Primary,
Home,כיסא,chair,Primary,
Home,שולחן,table,Primary,
Home,שירותים,toilet,Primary,
Home,מדרגות,stairs,Primary,
Home,חלון,window,Primary,
Home,דירה,apartment,Primary,
Home,דלת,door,Primary,
Home,אמבטיה,"bath, bathtub",Primary,
Home,חדר,room,Primary,
Home,מזגן,air-conditioner,Primary,
Home,צעצוע,toy,Primary,
Home,אור,light,Primary,
Home,מנורה,lamp,Primary,
Home,גג,roof,Primary,
Home,דוד,boiler,Primary,
Home,בניין,building,Primary,
Home,קיר,wall,Primary,
Home,חדר שינה,bedroom,Primary,
Home,מרפסת,"balcony, porch",Primary,
Home,מרתף,basement,Primary,
Home,שער,gate,Primary,
Home,כלי עבודה,"tool, instrument",Primary,
Home,מראה,mirror,Primary,
Home,רהיט,a piece of furniture,Primary,
Home,כתובת,address,Primary,
Home,סלון,"living room, lounge",Primary,
Home,מכשיר,"appliance, instrument",Primary,
Home,רצפה,floor,Primary,
Home,שטיח,carpet,Primary,
Home,תקרה,ceiling,Primary,
Home,עליית גג,attic,Primary,
Home,חדר אורחים,"guest room, lounge",Primary,
Home,חדר אוכל,dining room,Primary,
Home,וילון,curtain,Primary,
Home,ארון,"closet, cupboard",Primary,
Home,כרית,pillow,Primary,
Home,שמיכה,"blanket, quilt",Primary,
Home,שואב אבק,vacuum (cleaner),Primary,
Home,כלים,"dishes, instruments, tools",Primary,
Home,ברז,"tap, faucet",Primary,
Home,כיור,sink,Primary,
Home,סמרטוט,rag,Primary,
Home,גינה,garden,Primary,
Home,חצר,yard,Primary,
Home,כביסה,laundry,Primary,
Home,מכונת כביסה,washing machine,Primary,
Home,שכן,neighbor,Primary,
Home,מקלט,shelter,Primary,
Home,מטאטא,broom,Primary,
Home,אשפה,"garbage, rubbish",Primary,
Home,מקרר,refrigerator,Primary,
Home,מעלית,"elevator, lift",Primary,
Home,לנקות,to clean,Secondary,
Home,לעבור,to pass,Secondary,
Home,לשאוב,"to pump, to vacuum",Secondary,
Home,לשוטפ,"wash, clean, rinse",Secondary,
Construct State 1,בקבוק מים,bottle of water,Primary,
Construct State 1,בקבוק יין,bottle of wine,Primary,
Construct State 1,מיץ תפוזים,orange juice,Primary,
Construct State 1,חדר אורחים,guest room,Primary,
Construct State 1,חדר אוכל,dining room,Primary,
Construct State 1,עוגת שוקולד,chocolate cake,Primary,
Construct State 1,עוגת גבינה,cheese cake,Primary,
Construct State 1,מכונת כביסה,washing machine,Primary,
Construct State 1,ארוחת בוקר,breakfast,Primary,
Construct State 1,ארוחת צהריים,lunch,Primary,
Construct State 1,ארוחת ערב,dinner,Primary,
Construct State 1,בית קפה,"coffee shop, café",Primary,
Construct State 1,בית ספר,school,Primary,
Construct State 1,בית כנסת,synagogue,Primary,
Construct State 1,בית מלון,hotel,Primary,
Construct State 1,בית חולים,hospital,Primary,
Construct State 1,בית משפט,court,Primary,
Weather,מזג אוויר,weather,Primary,
Infinitives 1,לכתוב,to write ,Tertiary,
Infinitives 1,ללכת,"to walk, go ",Tertiary,
Infinitives 1,לשחות,to swim ,Tertiary,
Infinitives 1,להיות,to be ,Tertiary,
Infinitives 1,לראות,to see ,Tertiary,
Infinitives 1,לבשל,"to cook, boil ",Tertiary,
Infinitives 1,לישון,to sleep ,Tertiary,
Infinitives 1,לרוץ,to run ,Tertiary,
Infinitives 1,לשלם,to pay ,Tertiary,
Infinitives 1,לתת,"to give, allow ",Tertiary,
Infinitives 1,לעשות,"to do, make, create ",Tertiary,
Infinitives 1,לדבר,"to talk, speak ",Tertiary,
Infinitives 1,להגיד,"to tell, say ",Tertiary,
Infinitives 1,לשחק,to play ,Tertiary,
Infinitives 1,לשתות,to drink ,Tertiary,
Infinitives 1,לסגור,"to close, shut, turn off ",Tertiary,
Infinitives 1,לפתוח,"to open, unlock, turn on ",Tertiary,
Infinitives 1,לשמוע,"to hear, listen ",Tertiary,
Infinitives 1,לגעת )ב-(,to touch ,Tertiary,
Infinitives 1,לומר,"to say, tell ",Tertiary,
Infinitives 1,לשים,"to put, put on ",Tertiary,
Infinitives 1,לקבל,"to get, receive; accept ",Tertiary,
Infinitives 1,למצוא,"to find, encounter ",Tertiary,
Infinitives 1,לעזור,"to help, assist, aid ",Tertiary,
Infinitives 1,לבוא,to come ,Tertiary,
Infinitives 1,לקנות,"to buy, purchase ",Tertiary,
Infinitives 1,לבקר,to visit ,Tertiary,
Infinitives 1,לעבוד,"to work, operate, function ",Tertiary,
Infinitives 1,לקחת,to take ,Tertiary,
Infinitives 1,לדעת,to know ,Tertiary,
Infinitives 1,לחזור,to return ,Tertiary,
Infinitives 1,לגור,"to live, reside ",Tertiary,
Infinitives 1,לחתוך,"to cut, slash ",Tertiary,
Infinitives 1,לסבול,"to suffer, tolerate ",Tertiary,
Infinitives 1,לספור,"to count, enumerate ",Tertiary,
Infinitives 1,למנוע,to prevent ,Tertiary,
Infinitives 1,לצייר,"to paint, draw, depict ",Tertiary,
Infinitives 1,להכיל,"to contain, include, comprise ",Tertiary,
Infinitives 1,לברוח,"to run away, escape ",Tertiary,
Weather,גשם,rain,Primary,
Weather,שלג,snow,Primary,
Weather,רעם,thunder,Primary,
Weather,ברק,lightning,Primary,
Weather,שמש,sun,Primary,
Weather,ברד,hail,Primary,
Weather,סופה,storm,Primary,
Weather,אובך,haze,Primary,
Weather,מעונן,cloudy,Primary,
Weather,גשום,rainy,Primary,
Weather,טמפרטורה,temperature,Primary,
Weather,רוח,wind,Primary,
Weather,גל חום,heat wave,Primary,
Weather,גל קור,"cold front, cold spell",Primary,
Weather,ענן,cloud,Primary,
Weather,הוריקן,hurricane,Primary,
Weather,טורנדו,tornado,Primary,
Weather,הצפה,flood,Primary,
Weather,מעלות,degrees,Primary,
Weather,ערפל,fog,Primary,
Weather,ירד,descend,Secondary,
Weather,לזרח,to shine,Secondary,
Weather,בהיר,bright,Secondary,
Weather,מטפטפת,"dripping, drizzling",Secondary,
Places,חוף ים,beach,Primary,
Places,בית מלון,hotel,Primary,
Places,ישראל,Israel,Primary,
Places,לפנות,to turn,Primary,
Places,קדימה,forward,Primary,
Places,אחורה,backward,Primary,
Places,ימין,right,Primary,
Places,שמאל,left,Primary,
Places,שדה תעופה,airport,Primary,
Places,רחוב,"street, road",Primary,
Places,עיר,city,Primary,
Places,טירה,castle,Primary,
Places,מדינה,"country, state",Primary,
Places,בית כנסת,synagogue,Primary,
Places,לאורך,along,Primary,
Places,כנסייה,church,Primary,
Places,מקום,"place, space",Primary,
Places,מסגד,mosque,Primary,
Places,הביתה,"homebound, home",Primary,
Places,נכס,"asset, property",Primary,
Places,מרכז,center,Primary,
Places,משרד,office,Primary,
Places,איזור,area,Primary,
Places,פארק,park,Primary,
Places,מבנה,structure,Primary,
Places,ירושלים,Jerusalem,Primary,
Places,מכולת,grocery,Primary,
Places,חנות,"store, shop",Primary,
Places,סופרמרקט,supermarket,Primary,
Places,מחוז,district,Primary,
Places,אי,island,Primary,
Places,בנק,bank,Primary,
Places,בר,bar,Primary,
Places,קרקע,"ground, soil",Primary,
Places,קניון,"mall, canyon",Primary,
Places,תחנה,station,Primary,
Places,עמק,valley,Primary,
Places,תל אביב,Tel Aviv,Primary,
Places,מוזיאון,museum,Primary,
Places,פינה,corner,Primary,
Places,ברחבי,across,Primary,
Places,כפר,village,Primary,
Places,מסלול,"course, path, route",Primary,
Places,שכונה,neighborhood,Primary,
Places,שדרה,avenue,Primary,
Places,שטח,"area, perimeter",Primary,
Places,גבול,border,Primary,
Places,בית כלא,"prison, jail",Primary,
Places,מגדל,tower,Primary,
Places,ארמון,palace,Primary,
Places,עיירה,town,Primary,
Places,בית קולנוע,cinema,Primary,
Places,עיר בירה,capital city,Primary,
Places,קהילה,community,Primary,
Places,נמל,port,Primary,
Places,גשר,bridge,Primary,
Places,מערב,west,Primary,
Places,מזרח,east,Primary,
Places,צפון,north,Primary,
Places,דרום,south,Primary,
Places,כיכר,"square, roundabout",Primary,
Places,חווה,farm,Primary,
Places,גן חיות,zoo,Primary,
Places,שוק,market,Primary,
Places,לתוך,"into, inside",Secondary,
Places,מתוך,"from, out of",Secondary,
Present 3,מקשיב,listens,Primary,
Present 3,מראֶה,shows,Primary,
Present 3,מאזין,"listens, eavesdrops",Primary,
Present 3,מציע,"suggests, offers",Primary,
Present 3,מרגיש,feels,Primary,
Present 3,מכין,prepares,Primary,
Present 3,מאמין,believes,Primary,
Present 3,מסכים,agrees,Primary,
Present 3,מתחיל,starts,Primary,
Present 3,מגיע,arrives,Primary,
Present 3,מודה,"admits, thanks",Primary,
Present 3,מעביר,"passes, passes on, transfers",Primary,
Present 3,מצליח,succeeds,Primary,
Present 3,מחזיר,returns,Primary,
Present 3,משיג,"gets, acquires",Primary,
Present 3,מסביר,explains,Primary,
Present 3,משכיר,rents out,Primary,
Present 3,ממליץ,recommends,Primary,
Present 3,מחזיק,holds,Primary,
Present 3,מפיק,produces,Primary,
Present 3,מניח,puts down,Primary,
Present 3,מופיע,performs,Primary,
Present 3,מוסיף,adds,Primary,
Present 3,מגיש,serves,Primary,
Present 3,ממשיך,continues,Primary,
Present 3,מציג,presents,Primary,
Present 3,מכריז,declares,Primary,
Present 3,מזמין,invites,Primary,
Present 3,מרשה,"allows, permits",Primary,
Present 3,מזכיר,reminds,Primary,
Present 3,מעדיף,prefers,Primary,
Present 3,מתאים,"matches, is compatible",Primary,
Present 3,מחליט,decides,Primary,
Present 3,מבין,understands,Primary,
Present 3,מכיל,contains,Primary,
Present 3,מחליף,replaces,Primary,
Present 3,מעריך,"evaluates, appreciates",Primary,
Present 3,מביא,brings,Primary,
People,אדם,"man, Adam",Primary,
People,חבר,friend (m),Primary,
People,חברה,friend (f),Primary,
People,ידיד,friend (m) - casual,Primary,
People,ידידה,friend (f) - casual,Primary,
People,ציבור,public,Primary,
People,ועדה,committee,Primary,
People,כנס,convention,Primary,
People,אויב,enemy,Primary,
People,תרבות,culture,Primary,
People,מערכת יחסים,relationship,Primary,
People,אוכלוסייה,population,Primary,
People,נוער,youth,Primary,
People,אנשים,people,Primary,
People,פרט,individual,Primary,
People,נער,"boy, teenager",Primary,
People,קורבן,victim,Primary,
People,אזרח,citizen,Primary,
People,זוג,couple,Primary,
People,ישראלי,Israeli,Primary,
People,צרפתי,French,Primary,
People,אמריקאי,American,Primary,
People,אנגלי,English,Primary,
People,אוסטרלי,Australian,Primary,
People,רוסי,Russian,Primary,
People,ספרדי,"Spanish, Spaniard",Primary,
People,עַם,nation,Primary,
People,קרן,foundation,Secondary,
People,בן אדם,human being,Secondary,
People,בחורות,young woman,Secondary,
People,בחור,young man,Secondary,
People,מבגר,adult,Secondary,
Numbers 2,ראשון,first,Primary,
Numbers 2,שני,second (ordinal),Primary,
Numbers 2,שלישי,third,Primary,
Numbers 2,רביעי,fourth,Primary,
Numbers 2,חמישי,fifth,Primary,
Numbers 2,שישי,sixth,Primary,
Numbers 2,שביעי,seventh,Primary,
Numbers 2,שמיני,eighth,Primary,
Numbers 2,תשיעי,ninth,Primary,
Numbers 2,עשירי,tenth,Primary,
Numbers 2,שלושים,thirty,Primary,
Numbers 2,ארבעים,forty,Primary,
Numbers 2,חמישים,fifty,Primary,
Numbers 2,שישים,sixty,Primary,
Numbers 2,שבעים,seventy,Primary,
Numbers 2,שמונים,eighty,Primary,
Numbers 2,תשעים,ninety,Primary,
Numbers 2,מאה,hundred,Primary,
Numbers 2,מאתיים,two hundred,Primary,
Numbers 2,אלף,thousand,Primary,
Numbers 2,אלפיים,two thousand,Primary,
Numbers 2,מיליון,million,Primary,
Numbers 2,מיליארד,billion,Primary,
Numbers 2,ממוצע,average,Primary,
Numbers 2,אחוז,"percent, percentage",Primary,
Numbers 2,חצי,half,Primary,
Numbers 2,רוב,"majority, most",Primary,
Numbers 2,כמות,quantity,Primary,
Numbers 2,סך הכל,"total, overall",Primary,
Numbers 2,לשנות,to change,Secondary,
Numbers 2,ועוד,plus,Secondary,
Numbers 2,כפול,x times,Secondary,
Numbers 2,חלקי,divided,Secondary,
Numbers 2,האחרון,the last,Secondary,
Numbers 2,מינוס,minus,Secondary,
Numbers 2,שוה,equals,Secondary,
Numbers 2,פחות,less,Secondary,
Modals,יכול,can,Secondary,
Modals,חיב,have to,Secondary,
Modals,אמור,supposed,Secondary,
Modals,אסור,forbidden,Secondary,
Modals,מומלץ,recommended,Secondary,
Modals,עשוי,might,Secondary,
Modals,אפשר,allowed,Secondary,
Modals,מותר,permitted,Secondary,
Education,מורָה,teacher (f),Primary,
Education,מורֶה,teacher (m),Primary,
Education,פתק,note,Primary,
Education,עט,pen,Primary,
Education,קורס,course (education),Primary,
Education,חינוך,education,Primary,
Education,שיעור,lesson,Primary,
Education,ספרייה,library,Primary,
Education,מבחן,"test, exam",Primary,
Education,לימוד,study,Primary,
Education,דוגמה,example,Primary,
Education,עיפרון,pencil,Primary,
Education,שיעורי בית,homework,Primary,
Education,כיתה,"classroom, class",Primary,
Education,מילה,word,Primary,
Education,ידע,knowledge,Primary,
Education,פרק,"chapter, episode",Primary,
Education,מצגת,presentation,Primary,
Education,רעיון,idea,Primary,
Education,אוניברסיטה,university,Primary,
Education,הרצאה,lecture,Primary,
Education,פרופסור,professor,Primary,
Education,תואר,degree,Primary,
Education,סטודנט,student,Primary,
Education,מרצה,lecturer,Primary,
Education,דוקטורט,"doctorate, PhD",Primary,
Education,הכנה,preparation,Primary,
Education,מטרה,"target, objective",Primary,
Education,משמעות,meaning,Primary,
Education,ללמד,to teach,Primary,
Education,לתרגל,to practice,Primary,
Education,היסטוריה,history,Primary,
Education,ציור,"painting, drawing",Primary,
Education,מסמך,document,Primary,
Education,עמוד,page,Primary,
Education,הסבר,explanation,Primary,
Education,תוכנית,"plan, program",Primary,
Education,קושי,difficulty,Primary,
Education,מכון,institute,Secondary,
Travel,לטייל,to travel,Primary,
Travel,מכונית,car,Primary,
Travel,אופניים,"bike, bicycle",Primary,
Travel,מזוודה,suitcase,Primary,
Travel,אוטובוס,bus,Primary,
Travel,אופנוע,"motorbike, bike",Primary,
Travel,לרכב,to ride (a bike),Primary,
Travel,חופשה,vacation,Primary,
Travel,רכבת,train,Primary,
Travel,סירה,boat,Primary,
Travel,מטוס,plane,Primary,
Travel,לנהוג,to drive,Primary,
Travel,רציף,"pier, dock, platform",Primary,
Travel,לשוט,to sail,Primary,
Travel,לטוס,to fly (in a plane),Primary,
Travel,תחנת רכבת,train station,Primary,
Travel,תחנת אוטובוס,bus station,Primary,
Travel,מפה,map,Primary,
Travel,תיק גב,backpack,Primary,
Travel,ספינה,ship,Primary,
Travel,קו,line,Primary,
Travel,מדריך,guide,Primary,
Travel,לנסוע,"to drive, to travel, to go",Primary,
Travel,להפליג,to sail,Primary,
Travel,טיול,trip,Primary,
Travel,ארצות הברית,the United States,Primary,
Travel,ביקור,visit,Primary,
Travel,הרפתקה,adventure,Primary,
Travel,טיסה,flight,Primary,
Travel,תחבורה,transportation,Primary,
Travel,רכב,vehicle,Primary,
Travel,רכבת תחתית,subway,Primary,
Travel,מסע,"voyage, journey",Primary,
Travel,המזרח התיכון,the Middle East,Primary,
Travel,הים התיכון,the Mediterranean,Primary,
Travel,ארץ,"land, country",Primary,
Travel,צרפת,France,Primary,
Travel,ספרד,Spain,Primary,
Travel,אנגליה,England,Primary,
Travel,יוון,Greece,Primary,
Travel,גרמניה,Germany,Primary,
Travel,מצרים,Egypt,Primary,
Travel,רוסיה,Russia,Primary,
Travel,סין,China,Primary,
Travel,עולם,world,Primary,
Travel,יבשת,continent,Primary,
Travel,אירופה,Europe,Primary,
Travel,אמריקה,America,Primary,
Travel,אפריקה,Africa,Primary,
Travel,אוסטרליה,Australia,Primary,
Travel,אסיה,Asia,Primary,
Travel,דרכון,passport,Primary,
Travel,דלק,"fuel, petrol",Primary,
Travel,תייר,tourist,Primary,
Travel,חוץ לארץ,"overseas, abroad",Primary,
Travel,בין-לאומי,international,Primary,
Travel,אירופאי,European,Primary,
Travel,מסביב,all around,Secondary,
Past 1,הייתי,I was,Primary,
Past 1,הייתְ,you were,Primary,
Past 1,הייתָ,you were,Primary,
Past 1,הייתן,you were,Primary,
Past 1,הייתם,you were,Primary,
Past 1,היינו,we were,Primary,
Past 1,הייתה,she was,Primary,
Past 1,היה,he was,Primary,
Past 1,מצא,found,Primary,
Past 1,שתה,drank,Primary,
Past 1,חזר,returned,Primary,
Past 1,אהב,loved,Primary,
Past 1,הלך,walked,Primary,
Past 1,רצה,wanted,Primary,
Past 1,ראה,saw,Primary,
Past 1,אמר,said,Primary,
Past 1,חשב,thought,Primary,
Past 1,אכל,ate,Primary,
Past 1,עשה,did,Primary,
Past 1,שמע,heard,Primary,
Past 1,עזב,left,Primary,
Past 1,נפל,fell,Primary,
Past 1,עבד,worked,Primary,
Past 1,רץ,ran,Primary,
Past 1,בא,came,Primary,
Past 1,שם,put (past),Primary,
Past 1,שבר,broke,Primary,
Past 1,שר,sang,Primary,
Past 1,קרא,read (past),Primary,
Past 1,לקח,took,Primary,
Past 1,נתן,gave,Primary,
Past 1,ידע,knew,Primary,
Past 1,כתב,wrote,Primary,
Past 1,קפץ,jumped,Primary,
Past 1,גנב,stole,Primary,
Past 1,ניסה,tried,Primary,
Past 1,דיבר,spoke,Primary,
Past 1,בישל,cooked,Primary,
Past 1,איבד,lost,Primary,
Past 1,שיחק,played,Primary,
Past 1,סיפר,told,Primary,
Past 1,ביקש,"asked (for something), requested",Primary,
Past 1,סיים,finished,Primary,
Past 1,שילם,paid,Primary,
Past 1,שיקר,lied,Primary,
Past 1,חיכה,waited,Primary,
Past 1,ניצח,won,Primary,
Past 1,בזבז,spent,Primary,
Past 1,קינא,was jealous,Primary,
Past 1,הכיר,knew (someone),Primary,
Past 1,הקשיב,listened,Primary,
Past 1,הראה,showed,Primary,
Past 1,הגיע,arrived,Primary,
Past 1,החליט,decided,Primary,
Past 1,התחיל,started,Primary,
Past 1,קנה,bought,Primary,
Past 1,הרגיש,felt,Primary,
Past 1,הסביר,explained,Primary,
Past 1,הציע,"proposed, offered",Primary,
Past 1,האמין,believed,Primary,
Past 1,הזמין,"invited, ordered",Primary,
Past 1,הבין,understood,Primary,
Comparison,יותר,more,Primary,
Comparison,פחות,less,Primary,
Comparison,הכי,most,Primary,
Comparison,דומה,similar,Primary,
Objects,עלון,"flyer, pamphlet",Primary,
Objects,מגזין,magazine,Primary,
Objects,טלוויזיה,TV,Primary,
Objects,מחשב,computer,Primary,
Objects,שעון,watch,Primary,
Objects,רדיו,radio,Primary,
Objects,חפץ,object,Primary,
Objects,שולחן עבודה,desk,Primary,
Objects,שעון יד,(wrist) watch,Primary,
Objects,ארנק,"wallet, purse",Primary,
Objects,סוללה,battery,Primary,
Objects,סל,basket,Primary,
Objects,טלפון נייד,mobile phone,Primary,
Objects,סבון,soap,Primary,
Objects,קופסה,box,Primary,
Objects,מסך,"screen, monitor",Primary,
Objects,טלפון,telephone,Primary,
Objects,תיק,bag,Primary,
Objects,מצעים,linen,Primary,
Objects,גלגל,wheel,Primary,
Objects,בריכה,pool,Primary,
Objects,מספריים,scissors,Primary,
Objects,מכתב,letter,Primary,
Objects,מטרייה,umbrella,Primary,
Objects,פעמון,bell,Primary,
Objects,ספוג,sponge,Primary,
Objects,מחבת,pan,Primary,
Objects,ספל,mug,Primary,
Objects,שורש,root,Primary,
Objects,עצם,"object, bone",Primary,
Objects,מכונה,machine,Primary,
Objects,נייר,paper,Primary,
Objects,דגל,flag,Primary,
Objects,שרשרת,chain,Primary,
Objects,חוט,string,Primary,
Objects,חתיכה,piece,Primary,
Objects,מנוע,engine,Primary,
Objects,מסרק,comb,Primary,
Objects,אבקה,powder,Primary,
Objects,גדר,fence,Primary,
Objects,מתנה,"gift, present",Primary,
Objects,קניות,shopping,Primary,
Objects,נר,candle,Primary,
Objects,רומן,novel,Secondary,
Present Reflexive,מתקלח,showers (oneself),Primary,
Present Reflexive,מתגלח,shaves (oneself),Primary,
Present Reflexive,מסתפר,takes a haircut,Primary,
Present Reflexive,מסתכל,looks,Primary,
Present Reflexive,משתמש,uses,Primary,
Present Reflexive,מתקשר,calls (telephone),Primary,
Present Reflexive,מתחזק,gets stronger/more religious,Primary,
Present Reflexive,מתאמן,"practices, trains",Primary,
Present Reflexive,מתקרב,comes closer,Primary,
Present Reflexive,מתחנך,educates (oneself),Primary,
Present Reflexive,מתחנן,begs,Primary,
Present Reflexive,מתגבר,overcomes,Primary,
Present Reflexive,מסתיים,finishes (passive),Primary,
Present Reflexive,מתגעגע,misses (feeling),Primary,
Present Reflexive,מסתובב,turns around,Primary,
Present Reflexive,מתקרר,cools off (passive),Primary,
Present Reflexive,מתחמם,heats up (passive),Primary,
Present Reflexive,מזדקן,gets old,Primary,
Present Reflexive,מתאושש,recovers,Primary,
Present Reflexive,מתחבא,hides,Primary,
Present Reflexive,משתכר,gets drunk,Primary,
Present Reflexive,משתנה,changes (oneself),Primary,
Present Reflexive,מתאחד,unites (with someone else),Primary,
Present Reflexive,מתחבר,connects (oneself),Primary,
Present Reflexive,מתנתק,disconnects (oneself),Primary,
Present Reflexive,מתייעץ,consults (with someone),Primary,
Present Reflexive,מתכונן,gets (oneself) ready,Primary,
Present Reflexive,מצטרף,joins,Primary,
Present Reflexive,מתמודד,deals with,Primary,
Present Reflexive,מתעלם,ignores,Primary,
Present Reflexive,מתפלל,prays,Primary,
Present Reflexive,מתנצל,apologizes,Primary,
Present Reflexive,מתבלבל,gets confused,Primary,
Present Reflexive,מתעמל,works out,Primary,
Adjectives 3,שמאלי,left-handed,Primary,
Adjectives 3,ימני,right-handed,Primary,
Adjectives 3,חוקי,legal,Primary,
Adjectives 3,שונה,different,Primary,
Adjectives 3,מקומי,local,Primary,
Adjectives 3,נדיר,rare,Primary,
Adjectives 3,פופולרי,popular,Primary,
Adjectives 3,זמין,available,Primary,
Adjectives 3,רשמי,official,Primary,
Adjectives 3,סופי,final,Primary,
Adjectives 3,שלם,"complete, whole",Primary,
Adjectives 3,מיידי,immediate,Primary,
Adjectives 3,יחיד,single,Primary,
Adjectives 3,מסורתי,traditional,Primary,
Adjectives 3,מודרני,modern,Primary,
Adjectives 3,היסטורי,historic,Primary,
Adjectives 3,חכם,smart,Primary,
Adjectives 3,טיפש,stupid,Primary,
Adjectives 3,מכוער,ugly,Primary,
Adjectives 3,מדהים,amazing,Primary,
Adjectives 3,דתי,religious,Primary,
Adjectives 3,תרבותי,cultural,Primary,
Adjectives 3,מוכן,ready,Primary,
Adjectives 3,עמוק,deep,Primary,
Adjectives 3,טהור,pure,Primary,
Adjectives 3,ראשי,main,Primary,
Adjectives 3,חד,sharp,Primary,
Adjectives 3,בטוח,certain,Primary,
Adjectives 3,בודד,"lonely, single",Primary,
Adjectives 3,טרי,fresh,Primary,
Adjectives 3,עבה,thick,Primary,
Adjectives 3,צר,narrow,Primary,
Adjectives 3,רחב,wide,Primary,
Adjectives 3,מרתק,fascinating,Primary,
Adjectives 3,מוזר,"strange, weird",Primary,
Adjectives 3,עולמי,global,Primary,
Adjectives 3,בריא,healthy,Primary,
Adjectives 3,תחתון,under (adj.),Primary,
Adjectives 3,עליון,upper,Primary,
Adjectives 3,עתיק,ancient,Primary,
Adjectives 3,יומי,daily,Primary,
Adjectives 3,אישי,personal,Primary,
Adjectives 3,שבועי,weekly,Primary,
Adjectives 3,גרוע,bad,Primary,
Adjectives 3,מרשים,impressive,Primary,
Adjectives 3,חודשי,montly,Primary,
Adjectives 3,שנתי,yearly,Primary,
Adjectives 3,נפלא,wonderful,Primary,
Adjectives 3,מטומטם,dumb,Secondary,
Abstract Objects 1,חלק,part,Primary,
Abstract Objects 1,השקפה,"perspective, point of view",Primary,
Abstract Objects 1,שירות,service,Primary,
Abstract Objects 1,רשימה,list,Primary,
Abstract Objects 1,פקודה,"command, order",Primary,
Abstract Objects 1,מערכת,system,Primary,
Abstract Objects 1,קבוצה,group,Primary,
Abstract Objects 1,סוג,type,Primary,
Abstract Objects 1,עיצוב,design,Primary,
Abstract Objects 1,מקרה,"occurance, incident",Primary,
Abstract Objects 1,שינוי,change,Primary,
Abstract Objects 1,גירסה,version,Primary,
Abstract Objects 1,שליטה,control,Primary,
Abstract Objects 1,שיחה,conversation,Primary,
Abstract Objects 1,חשבון,"account, tab, check",Primary,
Abstract Objects 1,פרופיל,profile,Primary,
Abstract Objects 1,רמה,level,Primary,
Abstract Objects 1,רעש,noise,Primary,
Abstract Objects 1,תיאור,description,Primary,
Abstract Objects 1,תמונה,"picture, image",Primary,
Abstract Objects 1,תוכן,content,Primary,
Abstract Objects 1,ערך,value,Primary,
Abstract Objects 1,קטגורייה,category,Primary,
Abstract Objects 1,ציוד,equipment,Primary,
Abstract Objects 1,בעיה,problem,Primary,
Abstract Objects 1,צד,side,Primary,
Abstract Objects 1,ביצועים,performences,Primary,
Abstract Objects 1,אפשרות,possibility,Primary,
Abstract Objects 1,פעילות,"activity, action",Primary,
Abstract Objects 1,תוצאה,result,Primary,
Abstract Objects 1,הסכם,agreement (abs.),Primary,
Abstract Objects 1,פיתרון,solution,Primary,
Abstract Objects 1,ייצור,manufacturing,Primary,
Abstract Objects 1,הגנה,defense,Primary,
Abstract Objects 1,מבנה,"structure, formation",Primary,
Abstract Objects 1,תגובה,response,Primary,
Abstract Objects 1,תור,queue,Primary,
Abstract Objects 1,כניסה,entrance,Primary,
Abstract Objects 1,השפעה,influence,Primary,
Abstract Objects 1,משאלה,wish,Primary,
Abstract Objects 1,תקווה,hope,Primary,
Abstract Objects 1,הזדמנות,opportunity,Primary,
Abstract Objects 1,מצב,situation,Primary,
Abstract Objects 1,יציאה,exit,Primary,
Abstract Objects 1,ברירה,"option, choice",Primary,
Abstract Objects 1,עניין,"matter, interest",Primary,
Abstract Objects 1,קול,voice,Primary,
Abstract Objects 1,תפקיד,role,Primary,
Abstract Objects 1,הצלחה,success,Primary,
Abstract Objects 1,כישלון,failure,Primary,
Abstract Objects 1,משבר,crisis,Primary,
Abstract Objects 1,פרס,reward,Primary,
Abstract Objects 1,הקדמה,"intro, preface",Primary,
Abstract Objects 1,כוונה,intention,Primary,
Abstract Objects 1,ציון,grade,Primary,
Abstract Objects 1,מנוחה,rest,Primary,
Abstract Objects 1,נושא,subject,Primary,
Abstract Objects 1,חושך,darkness,Primary,
Abstract Objects 1,חלופה,alternative,Primary,
Abstract Objects 1,שיא,"peak, record",Primary,
Abstract Objects 1,קצה,edge,Primary,
Abstract Objects 1,החלטה,decision,Primary,
Abstract Objects 1,סוף,end,Primary,
Abstract Objects 1,התחלה,beginning,Primary,
Imperatives 1,לך,walk! / go!,Primary,
Imperatives 1,רוץ,run!,Primary,
Imperatives 1,עזור,help!,Primary,
Imperatives 1,בוא,come!,Primary,
Imperatives 1,שמור,save! / keep!,Primary,
Imperatives 1,תן,give!,Primary,
Imperatives 1,עשֵה,do!,Primary,
Imperatives 1,עצור,stop!,Primary,
Imperatives 1,קח,take!,Primary,
Imperatives 1,דע,know!,Primary,
Imperatives 1,קנֵה,buy!,Primary,
Imperatives 1,פְתח,open!,Primary,
Imperatives 1,שים,put!,Primary,
Imperatives 1,טוס,fly!,Primary,
Imperatives 1,שב,sit!,Primary,
Imperatives 1,שְכח,forget!,Primary,
Imperatives 1,צפה,watch! / expect!,Primary,
Imperatives 1,שלח,send!,Primary,
Imperatives 1,שתה,drink!,Primary,
Imperatives 1,צא,go out!,Primary,
Imperatives 1,דבר,talk! / speak!,Primary,
Imperatives 1,נסה,try!,Primary,
Imperatives 1,חפש,search! / look for!,Primary,
Imperatives 1,סמן,mark! / indicate!,Primary,
Imperatives 1,תקן,fix! / repair!,Primary,
Imperatives 1,קבל,accept!,Primary,
Imperatives 1,רחם,have mercy!,Primary,
Imperatives 1,ערבב,mix! / stir!,Primary,
Imperatives 1,חכה,wait!,Primary,
Imperatives 1,סָיים,finish!,Primary,
Imperatives 1,צלם,take a picture!,Primary,
Imperatives 1,ברך,bless!,Primary,
Imperatives 1,למד,learn! / study!,Primary,
Imperatives 1,הקשב,listen!,Primary,
Imperatives 1,הראה,show!,Primary,
Imperatives 1,הרגש,feel!,Primary,
Imperatives 1,האמן,believe!,Primary,
Imperatives 1,התחל,start!,Primary,
Imperatives 1,החזר,return! (something),Primary,
Imperatives 1,הוסף,add!,Primary,
Imperatives 1,הזמן,invite!,Primary,
Imperatives 1,הצג,present!,Primary,
Imperatives 1,החלט,decide!,Primary,
Imperatives 1,החלף,change!,Primary,
Imperatives 1,הזכר,remind!,Primary,
Imperatives 1,התקלח,take a shower!,Primary,
Imperatives 1,הסתכל,look!,Primary,
Imperatives 1,התקרב,come closer!,Primary,
Imperatives 1,התחבא,hide!,Primary,
Imperatives 1,התחבר,connect!,Primary,
Imperatives 1,הצטרף,join!,Primary,
Imperatives 1,התעלם,ignore!,Primary,
Imperatives 1,התפלל,pray!,Primary,
Imperatives 1,התכונן,get prepared!,Primary,
Imperatives 1,הסתפר,cut your hair!,Primary,
Imperatives 1,השתמש,use!,Primary,
Languages,שפה,language,Primary,
Languages,ספרדית,Spanish (lang.),Primary,
Languages,צרפתית,French (lang.),Primary,
Languages,גרמנית,German (lang.),Primary,
Languages,רוסית,Russian (lang.),Primary,
Languages,סינית,Chinese (lang.),Primary,
Languages,הולנדית,Dutch (lang.),Primary,
Languages,איטלקית,Italian (lang.),Primary,
Languages,פורטוגזית,Portuguese (lang.),Primary,
Languages,שוודית,Swedish (lang.),Primary,
Languages,דנית,Danish (lang.),Primary,
Languages,ערבית,Arabic (lang.),Primary,
Languages,יפנית,Japanese (lang.),Primary,
Languages,צ'כית,Czech (lang.),Primary,
Languages,יוונית,Greek (lang.),Primary,
Languages,הונגרית,Hungarian (lang.),Primary,
Languages,אירית,Irish (lang.),Primary,
Languages,פולנית,Polish (lang.),Primary,
Languages,הינדי,Hindi,Primary,
Languages,יידיש,Yiddish,Primary,
Languages,אספרנטו,Esperanto,Primary,
Languages,מילון,dictionary,Primary,
Languages,משפט,sentence,Primary,
Languages,אות,letter,Primary,
Languages,בלשן,linguist,Primary,
Languages,בלשנות,Linguistics,Primary,
Languages,שם עצם,noun,Primary,
Languages,פועל,verb,Primary,
Languages,שם תואר,adjective,Primary,
Languages,פסקה,paragraph,Primary,
Languages,שורה,line,Primary,
Languages,פסיק,comma,Primary,
Languages,נקודה,"period, dot",Primary,
Languages,שפת אם,mother tongue,Primary,
Emergency,הצילו!,help!,Primary,
Emergency,עזרה,help,Primary,
Emergency,חילוץ,rescue,Primary,
Emergency,כבאי,firefighter,Primary,
Emergency,זהירות,caution,Primary,
Emergency,חובש,medic,Primary,
Emergency,לכוד,trapped,Primary,
Emergency,מקרה חירום,emergency,Primary,
Emergency,מגן דוד אדום,Magen David Adom,Primary,
Emergency,החייאה,CPR,Primary,
Emergency,פצוע,injured,Primary,
Emergency,מצוקה,distress,Primary,
Emergency,תאונה,accident,Primary,
Emergency,שריפה,fire,Primary,
Emergency,מסוכן,dangerous,Primary,
Emergency,פיצוץ,explosion,Primary,
Emergency,עזרה ראשונה,first aid,Primary,
Emergency,אזעקה,"alarm, siren",Primary,
Emergency!,לבצע,"to perform, to execute",Secondary,
Emergency!,להתעלף,"to pass out, to faint, to swoon",Secondary,
Emergency!,הכרה,consciousness,Secondary,
Emergency!,מתחשמל,electrocuted,Secondary,
Emergency!,ליפול,to fall,Secondary,
Emergency!,לטבוע,to drown,Secondary,
Future 1,אהיה,I will be,Primary,
Future 1,תהיה,you/she will be,Primary,
Future 1,תהיי,you will be,Primary,
Future 1,נהיה,we will be,Primary,
Future 1,תהיו,you will be,Primary,
Future 1,יהיו,they will be,Primary,
Future 1,תהיינה,you/they will be,Primary,
Future 1,יהיה,he will be,Primary,
Future 1,יאכל,will eat,Primary,
Future 1,ישתה,will drink,Primary,
Future 1,יכתוב,will write,Primary,
Future 1,ישחה,will swim,Primary,
Future 1,יראה,will see,Primary,
Future 1,ישמע,will hear,Primary,
Future 1,יעשה,will do,Primary,
Future 1,יחשוב,will think,Primary,
Future 1,יאהב,will love,Primary,
Future 1,יתן,will give,Primary,
Future 1,ילך,will go,Primary,
Future 1,יעמוד,will stand,Primary,
Future 1,ישלם,will pay,Primary,
Future 1,יפספס,will miss,Primary,
Future 1,ישנה,will change,Primary,
Future 1,ינסה,will try,Primary,
Future 1,יבחר,will choose/elect,Primary,
Future 1,ידבר,will talk/speak,Primary,
Future 1,יחפש,will search/look for,Primary,
Future 1,יבקר,will visit,Primary,
Future 1,יאשר,will approve/authorize,Primary,
Future 1,יקשיב,will listen,Primary,
Future 1,יתחיל,will start/begin,Primary,
Future 1,יגיע,will arrive,Primary,
Future 1,יסביר,will explain,Primary,
Future 1,יַראה,will show,Primary,
Future 1,יגיד,will say/tell,Primary,
Future 1,יזמין,will invite,Primary,
Future 1,יזכיר,will remind,Primary,
Future 1,יחליט,will decide,Primary,
Future 1,יבין,will understand,Primary,
Future 1,יסכים,will agree,Primary,
Future 1,ישלח,will send,Primary,
Future 1,יסתכל,will look,Primary,
Future 1,ישתמש,will use,Primary,
Future 1,יתקשר,will call (phone),Primary,
Future 1,יתקרב,will come closer,Primary,
Future 1,יתגעגע,will miss (feeling),Primary,
Future 1,ישתנה,will change,Primary,
Future 1,יצטרף,will join,Primary,
Future 1,יתקלח,will shower,Primary,
Future 1,יתנצל,will apologize,Primary,
Future 1,יתעלם,will ignore,Primary,
Future 1,יתכונן,will prepare,Primary,
Future 1,יתחבר,will connect,Primary,
Future 1,יבוא,will come,Primary,
Future 1,עתיד,future,Secondary,
Future 1,עבר,past,Secondary,
Future 1,הווה,present,Secondary,
Passive,רצוי,"wanted, desirable",Primary,
Passive,שבור,broken,Primary,
Passive,אהוב,loved,Primary,
Passive,כתוב,written,Primary,
Passive,אכול,eaten,Primary,
Passive,עשוי,made,Primary,
Passive,קשור,"tied, related, connected",Primary,
Passive,נגוע,infected (passive),Primary,
Passive,ידוע,known (passive),Primary,
Passive,קנוי,bought (passive),Primary,
Passive,שמור,saved (passive),Primary,
Passive,חתוך,cut (passive),Primary,
Passive,צפוי,"anticipated, expected (pass.)",Primary,
Passive,זכור,recalled (passive),Primary,
Passive,מבושל,cooked (passive),Primary,
Passive,מנוסה,experienced (passive),Primary,
Passive,מדובר,discussed (passive),Primary,
Passive,מעורבב,mixed (pass.),Primary,
Passive,מבוזבז,wasted (passive),Primary,
Passive,משונה,"strange, peculiar (passive)",Primary,
Passive,ממולא,"filled, stuffed (passive)",Primary,
Passive,משוכנע,convinced (passive),Primary,
Passive,מסודר,organized (passive),Primary,
Passive,משותף,"joined, communal (passive)",Primary,
Passive,מסוים,"particular, specific (passive)",Primary,
Passive,מקובל,accepted (passive),Primary,
Passive,מורכב,composed (passive),Primary,
Passive,מוזמן,invited (passive),Primary,
Passive,מוצלח,successful (passive),Primary,
Passive,מוחלף,replaced (passive),Primary,
Passive,מובן,understandable (passive),Primary,
Passive,מוחלט,"definitive, total (passive)",Primary,
Passive,מוסבר,explained (passive),Primary,
Passive,מוגבל,restricted (passive),Primary,
Passive,מושפע,influenced (passive),Primary,
Passive,מודאג,worried (passive),Primary,
Passive,מותאם,"compatible, adjusted (passive)",Primary,
Passive,מופרע,disturbed,Secondary,
Reference Pronoun,עצמי,myself,Secondary,
Reference Pronoun,עצמךָ,yourself (m. sg.),Secondary,
Reference Pronoun,עצמךְ,yourself (f. sg.),Secondary,
Reference Pronoun,עצמו,himself,Secondary,
Reference Pronoun,עצמה,herself,Secondary,
Reference Pronoun,עצמנו,ourselves,Secondary,
Reference Pronoun,עצמכם,yourselves (m. pl.),Secondary,
Reference Pronoun,עצמכן,yourselves (f. pl.),Secondary,
Reference Pronoun,עצמם,themselves (m. pl.),Secondary,
Reference Pronoun,עצמן,themselves (f. pl.),Secondary,
Nif'al,נראה,seen,Primary,
Nif'al,נכשל,failed,Primary,
Nif'al,נגמר,finished,Primary,
Nif'al,נכנס,entered,Primary,
Nif'al,נשמע,was heard,Primary,
Nif'al,נסגר,was closed,Primary,
Nif'al,נפתח,was opened,Primary,
Nif'al,נאכל,was eaten,Primary,
Nif'al,נכתב,was written,Primary,
Nif'al,נגרם,was caused,Primary,
Nif'al,נקרא,was read,Primary,
Nif'al,נפגש,met,Primary,
Nif'al,נשאל,was asked,Primary,
Nif'al,נעשה,was done,Primary,
Nif'al,ניתן,was given,Primary,
Nif'al,נעלם,disappeared,Primary,
Nif'al,נפרד,"separated, broke up",Primary,
Nif'al,נשרף,was burnt,Primary,
Nif'al,נשלח,was sent,Primary,
Nif'al,נפגע,was hurt,Primary,
Nif'al,נאמר,was said,Primary,
Nif'al,נשאר,stayed,Primary,
Nif'al,נהנה,"enjoyed, had fun",Primary,
Nif'al,הקודם,"the previous, the former",Secondary,
Nif'al,על ידי,by,Secondary,
Nif'al,להיאבד,to be lost,Secondary,
Nature,שמיים,sky,Primary,
Nature,פרח,flower,Primary,
Nature,עץ,tree,Primary,
Nature,יער,forest,Primary,
Nature,ים,sea,Primary,
Nature,דשא,grass,Primary,
Nature,שיח,"bush, shrub",Primary,
Nature,אש,fire,Primary,
Nature,אויר,air,Primary,
Nature,שדה,field,Primary,
Nature,חול,sand,Primary,
Nature,אבן,stone,Primary,
Nature,כוכב,star,Primary,
Nature,ירח,moon,Primary,
Nature,טבע,nature,Primary,
Nature,אדמה,"ground, earth",Primary,
Nature,נהר,river,Primary,
Nature,כוכב לכת,planet,Primary,
Nature,כדור הארץ,Earth,Primary,
Nature,חלל,space,Primary,
Nature,ורד,rose,Primary,
Nature,עלה,leaf,Primary,
Nature,נוף,"view, scenery, landscape",Primary,
Nature,אקלים,climate,Primary,
Nature,חוֹם,heat,Primary,
Nature,הר,mountain,Primary,
Nature,יקום,universe,Primary,
Nature,קרקע,"ground, earth",Primary,
Nature,גז,gas,Primary,
Nature,עשן,smoke,Primary,
Nature,חומר,"substance, material",Primary,
Nature,מדבר,desert,Primary,
Nature,צמח,plant,Primary,
Nature,יבול,crop,Primary,
Nature,אבק,dust,Primary,
Nature,הר געש,volcano,Primary,
Nature,קרח,ice,Primary,
Nature,קרחון,"iceberg, glacier",Primary,
Nature,צוק,cliff,Primary,
Nature,גבעה,hill,Primary,
Nature,מערה,cave,Primary,
Nature,שקיעה,sunset,Primary,
Decisions,לפי דעתי,in my opinion,Primary,
Decisions,דעה,opinion,Primary,
Decisions,דיון,discussion,Primary,
Decisions,ויכוח,argument,Primary,
Decisions,טעות,mistake,Primary,
Decisions,מסקנה,conclusion,Primary,
Decisions,לפי,by,Primary,
Decisions,לגבי,"regarding, in regards",Primary,
Decisions,יתרון,advantage,Primary,
Decisions,חסרון,disadvantage,Primary,
Decisions,השלכה,reprecussion,Primary,
Decisions,הצעה,suggestion,Primary,
Decisions,הסכמה,agreement (accord),Primary,
Decisions,להביע,to express,Secondary,
Decisions,תהה,to wonder,Secondary,
Decisions,לבחור,to choose,Secondary,
Decisions,עדיף,preferable,Secondary,
Imperatives 2,אכול,eat!,Primary,
Imperatives 2,סגור,close!,Primary,
Imperatives 2,חזור,return!,Primary,
Imperatives 2,חתוך,cut!,Primary,
Imperatives 2,עמוד,stand!,Primary,
Imperatives 2,כָּבֵּד,respect! / honor!,Primary,
Imperatives 2,בקר,visit!,Primary,
Imperatives 2,שבוֹר,break!,Primary,
Imperatives 2,לבש,wear!,Primary,
Imperatives 2,שְאל,ask!,Primary,
Imperatives 2,ספּר,tell!,Primary,
Imperatives 2,ענֵה,answer!,Primary,
Imperatives 2,הישאר,stay!,Primary,
Imperatives 2,היכנס,enter!,Primary,
Imperatives 2,היפגש,meet!,Primary,
Imperatives 2,בוא נלך,let's go,Secondary,
Imperatives 2,בוא נעשה,let's do,Secondary,
Imperatives 2,בוא ננסה,let's try,Secondary,
Imperatives 2,בוא נראה,let's see,Secondary,
Imperatives 2,בוא נדבר,let's talk,Secondary,
Imperatives 2,בוא נגיד,let's say,Secondary,
Past 2,התחבא,hid,Primary,
Past 2,התפוצץ,exploded,Primary,
Past 2,התחתן,got married,Primary,
Past 2,התיעץ,consulted,Primary,
Past 2,התלונן,complained,Primary,
Past 2,התנצל,apologized,Primary,
Past 2,התפשט,got undressed,Primary,
Past 2,התקשר,called (phone),Primary,
Past 2,התרחץ,washed (himself),Primary,
Past 2,השתכר,got drunk,Primary,
Past 2,הפסיק,stopped,Primary,
Past 2,התאושש,recovered,Primary,
Past 2,התחנן,begged,Primary,
Past 2,התפלל,prayed,Primary,
Past 2,התעלם,ignored,Primary,
Past 2,התגלח,shaved (himself),Primary,
Past 2,התנדב,volunteered,Primary,
Past 2,התעלל,abused,Primary,
Past 2,המשיך,continued,Primary,
Past 2,קיבל,received,Primary,
Past 2,ירד,went down,Primary,
Past Nif'al,נראתה,was seen,Tertiary,
Past Nif'al,נגמר,ends,Tertiary,
Past Nif'al,להיכשל,to fail,Tertiary,
Past Nif'al,כשנכנסנו,when we entered,Tertiary,
Past Nif'al,נשמע,audible,Tertiary,
Past Nif'al,נהננו,we enjoyed,Tertiary,
Past Nif'al,נסגרו,closed,Tertiary,
Past Nif'al,נפתחה,has been opened,Tertiary,
Past Nif'al,נאכל,eaten,Tertiary,
Past Nif'al,להיכתב,to be written,Tertiary,
Past Nif'al,נגרם,caused,Tertiary,
Past Nif'al,ועדיין,and yet,Tertiary,
Past Nif'al,נפגשתי,I have met,Tertiary,
Past Nif'al,נשאלה,were asked,Tertiary,
Past Nif'al,נעשה,has been done,Tertiary,
Past Nif'al,שניתנה,given to,Tertiary,
Past Nif'al,להיאבד,to lose,Tertiary,
Past Nif'al,נעלמתם,you have disappeared,Tertiary,
Past Nif'al,להישרף,be burned,Tertiary,
Past Nif'al,להישלח,be sent,Tertiary,
Past Nif'al,נפגעו,were injured,Tertiary,
Past Nif'al,נאמרו,were said,Tertiary,
Past Nif'al,נשארתי,I stayed,Tertiary,
Past Nif'al,נזכרתי,I remembered,Tertiary,
Past Nif'al,להיפרד,to break up,Tertiary,
Feelings,משועמם,bored,Primary,
Feelings,מדוכא,depressed,Primary,
Feelings,מאושר,happy,Primary,
Feelings,נשיקה,kiss,Primary,
Feelings,מאוהב,in love,Primary,
Feelings,מופתע,surprised,Primary,
Feelings,דוחה,repulsive,Primary,
Feelings,אופטימי,optimistic,Primary,
Feelings,פסימי,pessimistic,Primary,
Feelings,מביך,embarrassing,Primary,
Feelings,רגש,emotion,Primary,
Feelings,רגוע,calm,Primary,
Feelings,הלם,shock,Primary,
Feelings,להצטער,to be sorry,Primary,
Feelings,להיעלב,to be offended,Primary,
Feelings,לנשק,to kiss,Primary,
Feelings,לחבק,to hug,Primary,
Feelings,לנחם,to comfort,Primary,
Feelings,מבולבל,confused,Primary,
Feelings,חסר-אונים,helpless,Primary,
Feelings,עוין,hostile,Primary,
Feelings,שובב,"naughty, cheeky",Primary,
Feelings,פגוע,offended,Primary,
Feelings,דחוי,rejected,Primary,
Feelings,ביישן,shy,Primary,
Feelings,רגיש,"sensitive, emotional",Primary,
Feelings,בודד,lonely,Primary,
Feelings,לבכות,to cry,Primary,
Feelings,להתלהב,to be enthusiastic,Primary,
Feelings,להעריץ,to adore,Primary,
Feelings,דמעה,tear,Primary,
Feelings,אושר,happiness,Primary,
Feelings,לצפות,to expect,Secondary,
Geometry,משולש,triangle,Secondary,
Geometry,ריבוע,square,Secondary,
Geometry,עיגול,circle,Secondary,
Geometry,מלבן,rectangle,Secondary,
Geometry,קו,line,Secondary,
Geometry,צורה,shape,Secondary,
Geometry,מרובע,quadrilateral,Secondary,
Geometry,מקבילה,parallel,Secondary,
Geometry,קודקוד,vertex,Secondary,
Geometry,טרפז,trapeze,Secondary,
Geometry,אליפסה,ellipse,Secondary,
Geometry,מעין,rhombus,Secondary,
Geometry,זויות,angle,Secondary,
Geometry,מחומש,pentagon,Secondary,
Geometry,משושה,hexagonal,Secondary,
Geometry,צלע,"side, edge",Secondary,
Geometry,גיאומטריה,geometry,Secondary,
Geometry,מקבילית,parallelogram,Secondary,
Geometry,טריגונומטריה,trigonometry,Secondary,
Geometry,אורך,length,Secondary,
Geometry,רוחב,width,Secondary,
Geometry,גובה,height,Secondary,
Geometry,עֹמק,depth,Secondary,
Geometry,משטח,surface,Secondary,
Geometry,נפח,volume,Secondary,
Geometry,מטר,meter,Secondary,
Geometry,בקילומטרים,in kilometers,Secondary,
Geometry,סנטימטר,centimeter,Secondary,
Geometry,מילימטר,milimeter,Secondary,
Geometry,יחידת מידה,unit of measure,Secondary,
Geometry,למדוד,measure,Secondary,
Geometry,סרגל,ruler,Secondary,
Abstract Objects 2,כבוד,"honor, respect",Primary,
Abstract Objects 2,תועלת,value,Primary,
Abstract Objects 2,מאמץ,effort,Primary,
Abstract Objects 2,תשומת לב,attention,Primary,
Abstract Objects 2,אופי,character,Primary,
Abstract Objects 2,רשות,permission,Primary,
Abstract Objects 2,מציאות,reality,Primary,
Abstract Objects 2,התנהגות,behavior,Primary,
Abstract Objects 2,מקור,source,Primary,
Abstract Objects 2,כיוון,direction,Primary,
Abstract Objects 2,סוד,secret,Primary,
Abstract Objects 2,ניסיון,experience,Primary,
Abstract Objects 2,נזק,damage,Primary,
Abstract Objects 2,חתימה,signature,Primary,
Abstract Objects 2,סמל,"symbol, icon",Primary,
Abstract Objects 2,עמדה,position,Primary,
Abstract Objects 2,כוח,"power, strength",Primary,
Abstract Objects 2,אחריות,responsibility,Primary,
Abstract Objects 2,ספק,doubt,Primary,
Abstract Objects 2,פחד,fear,Primary,
Abstract Objects 2,הומור,humor,Primary,
Abstract Objects 2,גישה,"approach, attitude",Primary,
Abstract Objects 2,מסורת,tradition,Primary,
Abstract Objects 2,שנאה,hatred,Primary,
Abstract Objects 2,סכנה,danger,Primary,
Abstract Objects 2,ביטוי,expression,Primary,
Abstract Objects 2,רצח,murder,Primary,
Abstract Objects 2,הנאה,enjoyment,Primary,
Abstract Objects 2,חיוך,smile,Primary,
Abstract Objects 2,צל,shadow,Primary,
Abstract Objects 2,הפתעה,surprise,Primary,
Abstract Objects 2,זיכרון,memory,Primary,
Abstract Objects 2,הפסד,loss,Primary,
Abstract Objects 2,ניצחון,victory,Primary,
Abstract Objects 2,נפילה,fall,Primary,
Abstract Objects 2,אמת,truth,Primary,
Abstract Objects 2,שקר,lie,Primary,
Abstract Objects 2,חוש,sense,Primary,
Abstract Objects 2,טובה,favor,Primary,
Abstract Objects 2,תכונה,trait,Primary,
Abstract Objects 2,תשוקה,desire,Primary,
Abstract Objects 2,הבדל,difference,Primary,
Abstract Objects 2,בסיס,basis,Primary,
Abstract Objects 2,יופי,beauty,Primary,
Abstract Objects 2,זהות,identity,Primary,
Abstract Objects 2,חשיבות,importance,Primary,
Abstract Objects 2,מזל,luck,Primary,
Abstract Objects 2,עדיפות,priority,Primary,
Infinitives 2,להאמין,to believe,Primary,
Infinitives 2,להשפיע,to influence,Primary,
Infinitives 2,להגדיל,"to increase, to enlarge",Primary,
Infinitives 2,לשפר,to improve,Primary,
Infinitives 2,להמשיך,to continue,Primary,
Infinitives 2,להגדיר,to define,Primary,
Infinitives 2,לענות,to answer,Primary,
Infinitives 2,לכסות,to cover,Primary,
Infinitives 2,לאפשר,to allow,Primary,
Infinitives 2,לנצח,to win,Primary,
Infinitives 2,לפתח,to develop,Primary,
Infinitives 2,לסיים,to finish,Primary,
Infinitives 2,להרגיש,to feel,Primary,
Infinitives 2,להבין,to understand,Primary,
Infinitives 2,למות,to die,Primary,
Infinitives 2,להסכים,to agree,Primary,
Infinitives 2,לחכות,to wait,Primary,
Infinitives 2,להסביר,to explain,Primary,
Infinitives 2,להגיב,"to react, to retaliate",Primary,
Infinitives 2,להפסיד,to lose,Primary,
Infinitives 2,לקרוא,to read,Primary,
Infinitives 2,להשתמש,to use,Primary,
Infinitives 2,להתאושש,to recover,Primary,
Infinitives 2,לזכור,to remember,Primary,
Infinitives 2,לפגוש,to meet,Primary,
Infinitives 2,לטוס,to fly (in a plane),Primary,
Infinitives 2,לעצור,to stop,Primary,
Infinitives 2,לעזוב,to leave,Primary,
Infinitives 2,להישאר,to stay,Primary,
Infinitives 2,לבנות,to build,Primary,
Infinitives 2,לשבור,to break,Primary,
Infinitives 2,לגרום,to cause,Primary,
Infinitives 2,לאהוב,to love,Primary,
Infinitives 2,לשקול,to weigh,Primary,
Infinitives 2,לחשוב,to think,Primary,
Infinitives 2,להרגיש,to feel,Primary,
Infinitives 2,להחמיץ,to miss,Primary,
Infinitives 2,לסרב,to refuse,Secondary,
Construct State 2,ראש-ממשלה,prime minister,Primary,
Construct State 2,חגורת-בטיחות,"safety belt, seat belt",Primary,
Construct State 2,תולעת-ספרים,book worm,Primary,
Construct State 2,הפסקת-אוכל,"lunch break, ""food"" break",Primary,
Construct State 2,כלי-נשק,weapon,Primary,
Construct State 2,שטיפת-מוח,brainwash,Primary,
Construct State 2,שומר-ראש,bodyguard,Primary,
Construct State 2,פסק-זמן,timeout,Primary,
Construct State 2,נהג-מונית,taxi driver,Primary,
Construct State 2,מגדל-שמירה,watch tower,Primary,
Construct State 2,שעון-עצר,stopwatch,Primary,
Construct State 2,פניית-פרסה,U-turn,Primary,
Construct State 2,בית-מלאכה,workshop,Primary,
Construct State 2,אוצר-מילים,vocabulary,Primary,
Construct State 2,מברשת-שיניים,toothbrush,Primary,
Construct State 2,ארגז-כלים,toolbox,Primary,
Construct State 2,משחת-שיניים,toothpaste,Primary,
Construct State 2,סכין-גילוח,(shaving) razor,Primary,
Construct State 2,תיבת-דואר,mailbox,Primary,
Construct State 2,עוגת יום-הולדת,birthday cake,Primary,
Construct State 2,משרד ראש-הממשלה,the PM's office,Primary,
Construct State 2,חלון חדר-האורחים,the window of the guest room,Primary,
Conditional,לוּ,if (haven't/can't happen),Secondary,
Conditional,אִילו,if (haven't/can't happen),Secondary,
Conditional,לולא,If not,Secondary,
Conditional,אילולא,If not,Secondary,
Conditional,היה יכול,could have,Secondary,
Conditional,היה צריך,should have,Secondary,
Conditional,הייתי,I was,Secondary,
Conditional,הייתָ,you were (m. sg.),Secondary,
Conditional,הייתְ,you were (f. sg.),Secondary,
Conditional,היה,he was,Secondary,
Conditional,הייתה,she was,Secondary,
Conditional,היינו,we were,Secondary,
Conditional,הייתם,you were (m. pl.),Secondary,
Conditional,הייתן,you were (f. pl.),Secondary,
Conditional,היו,they were (c. pl.),Secondary,
Medical,יד,hand,Primary,
Medical,עין,eye,Primary,
Medical,זרוע,arm,Primary,
Medical,אצבע,finger,Primary,
Medical,ראש,head,Primary,
Medical,אוזן,ear,Primary,
Medical,לב,heart,Primary,
Medical,חזה,"chest, breast",Primary,
Medical,כף-יד,palm (and back of hand),Primary,
Medical,בטן,abdomen,Primary,
Medical,צוואר,neck,Primary,
Medical,שיער,hair,Primary,
Medical,מרפק,elbow,Primary,
Medical,פנים,face,Primary,
Medical,עור,skin,Primary,
Medical,גב,back (body part),Primary,
Medical,לשון,tongue,Primary,
Medical,גוף,body,Primary,
Medical,מוח,brain,Primary,
Medical,פה,mouth,Primary,
Medical,שן,tooth,Primary,
Medical,רגל,leg,Primary,
Medical,עצם,bone,Primary,
Medical,אף,nose,Primary,
Medical,כף-רגל,foot,Primary,
Medical,ברך,knee,Primary,
Medical,כתף,shoulder,Primary,
Medical,שריר,muscle,Primary,
Medical,מטופל,patient,Primary,
Medical,מחלה,disease,Primary,
Medical,חולה,sick,Primary,
Medical,וירוס,virus,Primary,
Medical,גולגולת,skull,Primary,
Medical,איבר,organ,Primary,
Medical,תרופה,medicine,Primary,
Medical,חלום,dream,Primary,
Medical,אחות,nurse,Primary,
Medical,כאב,pain,Primary,
Medical,טיפול,treatment,Primary,
Medical,דם,blood,Primary,
Medical,שפה,"lip, language",Primary,
Medical,מרפאה,clinic,Primary,
Medical,לחץ,pressure,Primary,
Medical,רפואה,medicine (field),Primary,
Medical,הריון,pregnancy,Primary,
Medical,סם,drug,Primary,
Medical,בריאות,health,Primary,
Medical,דיאטה,diet,Primary,
Medical,לידה,birth,Primary,
Medical,סרטן,cancer,Primary,
Medical,ניתוח,"surgery, operation",Primary,
Future 2,אומַר,I will say,Secondary,
Future 2,יעבדו,they will work,Secondary,
Future 2,תמצא,you'll find,Secondary,
Future 2,ימכור,will sell,Secondary,
Future 2,יחזרו,will return,Secondary,
Future 2,יֵדע,will know,Secondary,
Future 2,ילמדו,they will learn,Secondary,
Future 2,תשכח,you will forget,Secondary,
Future 2,יקרא,will read,Secondary,
Future 2,יקח,will take,Secondary,
Future 2,אעצור,I'll stop,Secondary,
Future 2,ישימו,they will put,Secondary,
Future 2,ירצה,will want,Secondary,
Future 2,יציע,will suggest,Secondary,
Future 2,אערבב,I'll mix,Secondary,
Future 2,תרגיש,you will feel,Secondary,
Future 2,ימשיך,will continue,Secondary,
Future 2,נחליף,we will replace,Secondary,
Future 2,יתפלל,will pray,Secondary,
Future 2,יוכל,will be able to,Secondary,
Future 2,ימלא,will fill,Secondary,
Future 2,ילמֵד,will learn,Secondary,
Future 2,תחכה,will wait,Secondary,
Future 2,ננצח,we will win,Secondary,
Future 2,יבקשו,the will ask,Secondary,
Future 2,אקווה,I will hope,Secondary,
Future 2,יעזור,will held,Secondary,
Future 2,יגעו,they will touch,Secondary,
Future 2,תסגור,will close,Secondary,
Future 2,אפתח,will open,Secondary,
Future 2,יספרו,they will tell,Secondary,
Future 2,ישאל,will ask,Secondary,
Future 2,אשבור,I will break,Secondary,
Future 2,יצליחו,will succeed,Secondary,
Religion,דתי,religious,Primary,
Religion,דת,religion,Primary,
Religion,אלוהים,God,Primary,
Religion,אמונה,"faith, belief",Primary,
Religion,רוחני,spiritual,Primary,
Religion,יהודי,"Jewish (adj), Jew (noun)",Primary,
Religion,חילוני,secular,Primary,
Religion,נוצרי,Christian,Primary,
Religion,מוסלמי,Muslim,Primary,
Religion,בודהיסטי,Buddhist,Primary,
Religion,מלאך,angel,Primary,
Religion,אל,God,Primary,
Religion,תפילה,prayer,Primary,
Religion,קדוש,holy,Primary,
Religion,אסלאם,Islam,Primary,
Religion,נצרות,Christianity,Primary,
Religion,מקדש,temple,Primary,
Religion,נשמה,soul,Primary,
Religion,יהדות,Judaism,Primary,
Religion,משיח,"Messiah, Mashiach",Primary,
Religion,כיפת הסלע,Dome of the Rock,Primary,
Religion,הר הבית,Temple Mount,Primary,
Religion,מסגד אל-אקצא,Al-Aqsa Mosque,Primary,
Religion,כנסיית הקבר,The Church of the Holy Sepulchre/the Resurrection,Primary,
Religion,הר ציון,Mount Zion,Primary,
Religion,מערת המכפלה,Cave of the Patriarchs/of Machpelah,Primary,
Religion,הר הזיתים,Mount Olives,Primary,
Religion,הכותל המערבי,"the Western Wall, the Kotel",Primary,
Arts,מצלמה,camera,Primary,
Arts,אמנות,art,Primary,
Arts,סגנון,style,Primary,
Arts,דמות,"character, figure",Primary,
Arts,צילום,photography,Primary,
Arts,צלם,photographer,Primary,
Arts,ריקוד,dance (noun),Primary,
Arts,ספרות,literature,Primary,
Arts,רקדן,dancer,Primary,
Arts,אופנה,fashion,Primary,
Arts,שירה,poetry,Primary,
Arts,קהל,"audience, crowd",Primary,
Arts,גלריה,gallery,Primary,
Arts,אוסף,collection,Primary,
Arts,איור,illustration,Primary,
Arts,מכחול,paintbrush,Primary,
Arts,ציור,painting,Primary,
Arts,תיאטרון,"theater, theatre",Primary,
Arts,סטודיו,studio,Primary,
Arts,פסל,sculpture,Primary,
Arts,הצגה,"show (in theater), performance",Primary,
Arts,במה,"stage, platform",Primary,
Arts,מפיק,producer,Primary,
Arts,תסריט,script,Primary,
Arts,אולפן,studio,Primary,
Arts,פסקול,soundtrack,Primary,
Arts,אפקט,effect,Primary,
Arts,סרט,film,Primary,
Negative Imperative,אל,don't,Secondary,
Negative Imperative,אל תהיה,don't be,Secondary,
Negative Imperative,אל תיגע,don't touch,Secondary,
Negative Imperative,אל תאמר,don't tell,Secondary,
Negative Imperative,אל תעשה,don't do,Secondary,
Negative Imperative,אל תיקח,don't take,Secondary,
Negative Imperative,אל תיתן,don't let,Secondary,
Negative Imperative,אל תסגור,don't close,Secondary,
Negative Imperative,אל תפתח,don't open,Secondary,
Negative Imperative,אל תלך,don't go,Secondary,
Negative Imperative,אל תעמוד,don't stand,Secondary,
Negative Imperative,אל תשכח,don't forget,Secondary,
Negative Imperative,אל תשלח,don't send,Secondary,
Negative Imperative,אל תספר,"don't tell, count",Secondary,
Negative Imperative,אל תנסה,don't try,Secondary,
Negative Imperative,אל תשנה,don't change,Secondary,
Negative Imperative,אל תדבר,don't speak,Secondary,
Negative Imperative,אל תשאל,don't ask,Secondary,
Negative Imperative,אל תערבב,don't mix,Secondary,
Negative Imperative,אל תחכה,don't wait,Secondary,
Negative Imperative,אל תקשיב,don't listen,Secondary,
Negative Imperative,אל תרגיש,don't feel,Secondary,
Negative Imperative,אל תתחיל,don't start,Secondary,
Negative Imperative,אל תגיע,don't come,Secondary,
Negative Imperative,אל תסביר,don't explain,Secondary,
Negative Imperative,אל תחליט,don't decide,Secondary,
Negative Imperative,אל תשתה,don't drink,Secondary,
Negative Imperative,אל תאכל,don't eat,Secondary,
Negative Imperative,אל תתעלם,don't ignore,Secondary,
Negative Imperative,אל תשתמש,don't use,Secondary,
Technology and Communication,חיפוש,search,Primary,
Technology and Communication,אתר,"site, website",Primary,
Technology and Communication,עמוד-בית,homepage,Primary,
Technology and Communication,אינטרנט,Internet,Primary,
Technology and Communication,דפדפן,browser,Primary,
Technology and Communication,סיסמא,password,Primary,
Technology and Communication,נתונים,data,Primary,
Technology and Communication,מקלדת,keyboard,Primary,
Technology and Communication,באג,bug,Primary,
Technology and Communication,מתכנת,programmer,Primary,
Technology and Communication,חומרה,hardware,Primary,
Technology and Communication,תוכנה,software,Primary,
Technology and Communication,מחשב נייד,laptop,Primary,
Technology and Communication,קובץ,file,Primary,
Technology and Communication,מייל,e-mail,Primary,
Technology and Communication,להוריד,to download,Primary,
Technology and Communication,רשת,network,Primary,
Technology and Communication,להעלות,to upload,Primary,
Technology and Communication,בלוג,blog,Primary,
Technology and Communication,הורדה,download (noun),Primary,
Technology and Communication,העלאה,upload (noun),Primary,
Technology and Communication,ערוץ,channel,Primary,
Technology and Communication,הודעה,message,Primary,
Technology and Communication,תקשורת,"communication, media",Primary,
Technology and Communication,חדשות,news,Primary,
Technology and Communication,מידע,information,Primary,
Technology and Communication,טקסט,text,Primary,
Technology and Communication,שלט,remote (controller),Primary,
Technology and Communication,לכבות,to turn off,Primary,
Technology and Communication,ללחוץ,"to press, to squeeze",Primary,
Technology and Communication,רובוט,robot,Primary,
Technology and Communication,להדליק,to turn on,Primary,
Technology and Communication,בול,stamp,Primary,
Technology and Communication,גלויה,postcard,Primary,
Verbal Noun,סיפור,story,Tertiary,
Verbal Noun,למכירה,for sale,Tertiary,
Verbal Noun,כתיבה,writing,Tertiary,
Verbal Noun,הקנייה,buying,Tertiary,
Verbal Noun,קריאה,reading,Tertiary,
Verbal Noun,חשיבה,thinking,Tertiary,
Verbal Noun,צפייה,watching,Tertiary,
Verbal Noun,בישול,cooking,Tertiary,
Verbal Noun,אימון,"training, working out",Tertiary,
Verbal Noun,לימוד,"studying, learning",Tertiary,
Verbal Noun,למידה,learning,Tertiary,
Verbal Noun,הליכה,"walking, going",Tertiary,
Verbal Noun,ריצה,running,Tertiary,
Verbal Noun,הזמנה,"order, invitation",Tertiary,
Verbal Noun,דרישה,demand,Tertiary,
Verbal Noun,שינה,sleep,Tertiary,
Verbal Noun,מכירה,selling,Tertiary,
Verbal Noun,פתיחה,opening,Tertiary,
Verbal Noun,שמיעה,hearing,Tertiary,
Verbal Noun,התנצלות,apology,Tertiary,
Verbal Noun,דרישה,requirement,Secondary,
Science,מחקר,research,Primary,
Science,טכנולוגיה,technology,Primary,
Science,מדע,science,Primary,
Science,פרויקט,project,Primary,
Science,שיטה,"system, method",Primary,
Science,תזה,thesis,Primary,
Science,אנרגיה,energy,Primary,
Science,גודל,size,Primary,
Science,מרחק,distance,Primary,
Science,מהירות,"speed, velocity",Primary,
Science,דגימה,sample,Primary,
Science,משקל,weight,Primary,
Science,מהדורה,edition,Primary,
Science,הפצה,distribution,Primary,
Science,מסה,mass,Primary,
Science,ניסוי,experiment,Primary,
Science,מאמר,article,Primary,
Science,הגדרה,definition,Primary,
Science,עיקרון,principle,Primary,
Science,מעבדה,lab,Primary,
Science,מד-חום,thermometer,Primary,
Science,נוסחה,"formula, equation",Primary,
Science,מחצב,mineral,Primary,
Science,איכות,quality,Primary,
Science,גנטיקה,genetics,Primary,
Science,גיאוגרפיה,geography,Primary,
Science,ביולוגיה,biology,Primary,
Science,כימיה,chemistery,Primary,
Science,פיזיקה,physics,Primary,
Science,פילוסופיה,philosophy,Primary,
Science,חקירה,investigation,Primary,
Science,חשמלי,electric,Primary,
Science,מחזור,cycle,Primary,
Science,מדען,scientist,Primary,
Science,תא,cell,Primary,
Science,תגלית,discovery,Primary,
Science,סיבה,"reason, motive",Primary,
Science,כוח-משיכה,gravity,Primary,
Science,תאוריה,theory,Primary,
Science,עובדה,fact,Primary,
Science,להגביר,to increase,Primary,
Science,להנמיך,to decrease,Primary,
Science,טון,"ton, tonne",Primary,
Science,קילוגרם,kilogram,Primary,
Science,גרם,gram,Primary,
Science,אלכוהול,alcohol,Primary,
Music,כינור,violin,Primary,
Music,להקה,band,Primary,
Music,זמר,singer,Primary,
Music,שיר,song,Primary,
Music,גיטרה,guitar,Primary,
Music,לנגן,to play (an instrument),Primary,
Music,מוזיקה,music,Primary,
Music,חליל,flute,Primary,
Music,כלי-נגינה,(musical) instrument,Primary,
Music,תוף,drum,Primary,
Music,פסנתר,piano,Primary,
Music,סינתיסייזר,synthesizer,Primary,
Music,נבל,harp,Primary,
Music,ז'אנר,genre,Primary,
Music,הופעה,show,Primary,
Music,קונצרט,concert,Primary,
Music,נגן,(music) player,Primary,
Music,מלחין,composer,Primary,
Music,יצירה,"creation, musical piece",Primary,
Music,פזמון,chorus,Primary,
Music,בית,stanza,Primary,
Music,להלחין,to compose,Primary,
Music,גיטריסט,guitarist,Primary,
Music,אקורד,chord,Primary,
Music,מתופף,drummer,Primary,
Music,כנר,violinist,Primary,
Music,חצוצרה,trumpet,Primary,
Music,מיקרופון,microphone,Primary,
Music,רמקול,speaker (music),Primary,
Music,הד,echo,Primary,
Music,מנגינה,tune,Primary,
Music,מפוחית,harmonica,Primary,
Music,לכוון,to tune (instrument),Primary,
Music,מנצח,conductor,Primary,
Music,סולם,scale (music),Primary,
Music,ים-תיכוני,Mediterranean,Primary,
Music,צליל,"tone, sound",Primary,
Sports,כדור,ball,Primary,
Sports,ספורט,sport,Primary,
Sports,שחקן,player,Primary,
Sports,משחק,game,Primary,
Sports,תחרות,competition,Primary,
Sports,קבוצה,team,Primary,
Sports,מחצית,half,Primary,
Sports,כדורגל,"football, soccer",Primary,
Sports,כדורסל,basketball,Primary,
Sports,נקודה,point,Primary,
Sports,שער,"goal, gate",Primary,
Sports,להבקיע,to score,Primary,
Sports,איצטדיון,stadium,Primary,
Sports,תיקו,draw,Primary,
Sports,מאמן,coach,Primary,
Sports,מחבט,racket,Primary,
Sports,אליפות,championship,Primary,
Sports,כדורעף,volleyball,Primary,
Sports,אלוף,champion,Primary,
Sports,מדליה,medal,Primary,
Sports,שלושער,hat-trick,Primary,
Sports,מרתון,marathon,Primary,
Sports,בעיטה,kick,Primary,
Sports,מכון כושר,gym,Primary,
Sports,צעד,step,Primary,
Sports,מגרש,"field, court",Primary,
Sports,פנדל,penalty kick,Primary,
Sports,אוהד,fan (individual),Primary,
Sports,חלוץ,striker (football),Primary,
Sports,בלם,defender (football),Primary,
Sports,שוער,"goalkeeper, goalie",Primary,
Sports,עמדה,position,Primary,
Sports,התקפה,offence,Primary,
Sports,ליגה,league,Primary,
Sports,שחייה,swimming,Primary,
Sports,גביע,"trophy, cup",Primary,
Sports,אולימפיאדה,olympics,Primary,
Sports,אתלט,athlete,Primary,
Sports,כושר,fitness,Primary,
Sports,טניס,tennis,Primary,
Sports,הארכה,overtime,Primary,
Sports,קשר,midfielder,Secondary,
Politics,ביטחון,security,Primary,
Politics,ממשלה,government,Primary,
Politics,מס,tax,Primary,
Politics,מלחמה,war,Primary,
Politics,נשיא,president,Primary,
Politics,חוק,law,Primary,
Politics,זכות,(legal) right,Primary,
Politics,בטיחות,safety,Primary,
Politics,המלצה,recommendation,Primary,
Politics,שלום,peace,Primary,
Politics,כלכלה,economy,Primary,
Politics,עירייה,municipality,Primary,
Politics,מדיניות,policy,Primary,
Politics,צבא,army,Primary,
Politics,פשע,crime,Primary,
Politics,מנהיג,leader,Primary,
Politics,בחירות,elections,Primary,
Politics,אסטרטגיה,strategy,Primary,
Politics,חופש,"freedom, liberty",Primary,
Politics,מעצר,arrest (noun),Primary,
Politics,קמפיין,campaign,Primary,
Politics,קונגרס,congress,Primary,
Politics,נאום,speech,Primary,
Politics,אלימות,violence,Primary,
Politics,שחיתות,corruption,Primary,
Politics,עימות,"confrontation, debate",Primary,
Politics,מועמד,candidate,Primary,
Politics,הכנסת,the Knesset,Primary,
Politics,פרלמנט,parliament,Primary,
Politics,שוחד,"bribe, bribery",Primary,
Politics,מושל,governor,Primary,
Politics,חבר-כנסת,MK (member of Knesset),Primary,
Politics,שביתה,(workers') strike,Primary,
Politics,איום,threat,Primary,
Politics,ראש-עיר,mayor,Primary,
Politics,עושר,wealth,Primary,
Politics,אשמה,guilt,Primary,
Politics,מפלגה,(political) party,Primary,
Politics,שר,minister,Primary,
Politics,משרד-האוצר,Ministry of Finance,Primary,
Politics,משרד-הביטחון,Ministry of Defense,Primary,
Politics,משרד-המשפטים,Ministry of Justice,Primary,
Politics,משרד-הפנים,Ministry of Interior,Primary,
Politics,משרד-החוץ,Ministry of Foreign Affairs,Primary,
Diminutives,כלבלב,puppy,Secondary,
Diminutives,חתלתול,kitten,Secondary,
Diminutives,קטנטן,tiny,Secondary,
Diminutives,אדמדמה,reddish,Secondary,
Diminutives,ירקרק,greenish,Secondary,
Diminutives,כחלחל,blueish,Secondary,
Diminutives,צהבהב,yellowish,Secondary,
Diminutives,חזרזיר,piglet,Secondary,
Diminutives,צלוחית,saucer,Secondary,
Diminutives,מלונית,"motel, inn",Secondary,
Diminutives,שקית,small bag,Secondary,
Diminutives,גחלילית,firefly,Secondary,
Diminutives,ידית,handle,Secondary,
Diminutives,קשית,straw,Secondary,
Diminutives,ילדון,little boy,Secondary,
Diminutives,ילדונת,little girl,Secondary,
Diminutives,דובון,teddy bear,Secondary,
Diminutives,פילון,young elephant,Secondary,
Diminutives,ספרון,booklet,Secondary,
Diminutives,מחשבון,calculator,Secondary,
Diminutives,מגבון,towelette,Secondary,
Legends,אגדה,legend,Primary,
Legends,נסיכה,princess,Primary,
Legends,ארמון,palace,Primary,
Legends,דרקון,dragon,Primary,
Legends,חרב,sword,Primary,
Legends,נסיך,prince,Primary,
Legends,מלכה,queen,Primary,
Legends,ממלכה,kingdom,Primary,
Legends,חץ,arrow,Primary,
Legends,מגן,shield,Primary,
Legends,קשת,bow,Primary,
Legends,משתה,"feast, banquet",Primary,
Legends,אביר,knight,Primary,
Legends,שיריון,armor,Primary,
Legends,קסדה,helmet,Primary,
Legends,לוחם,warrior,Primary,
Legends,מכשפה,witch,Primary,
Legends,חומה,wall,Primary,
Legends,שיקוי,potion,Primary,
Legends,כישוף,"spell, witchcraft",Primary,
Legends,קסם,magic,Primary,
Legends,קוסם,magician,Primary,
Legends,שרביט,wand,Primary,
Legends,מכשף,wizard,Primary,
Legends,קללה,curse,Primary,
Legends,משרת,servant,Primary,
Legends,גיבור,hero,Primary,
Legends,ערפד,vampire,Primary,
Legends,זומבי,zombie,Primary,
Legends,איש-זאב,werewolf,Primary,
Legends,גולם,golem,Primary,
Legends,גיבור-על,superhero,Primary,
Legends,יצור,creature,Primary,
Legends,מפלצת,monster,Primary,
Future Nif'al,ניכנס,(we) will enter,Tertiary,
Future Nif'al,תיפגש,(you/she) will meet,Tertiary,
Future Nif'al,תיגמר,(you/she) will come to an end,Tertiary,
Future Nif'al,ייפגע,(he) will be damaged,Tertiary,
Future Nif'al,ישאר,(he) will remain,Tertiary,
Future Nif'al,ייפרדו,(they) will be separated,Tertiary,
Future Nif'al,ליהנות,to enjoy,Tertiary,
Future Nif'al,להישלח,"to be sent, dispatched",Tertiary,
Future Nif'al,להיאבד,"to be lost, perish",Tertiary,
Future Nif'al,להראות,to be invisible,Tertiary,
Formal,נא,please,Secondary,
Formal,מדוע,why,Secondary,
Formal,כיצד,how,Secondary,
Formal,אדוני,sir,Secondary,
Formal,גברתי,ma'am,Secondary,
Formal,עתה,now,Secondary,
Formal,מאין,from where,Secondary,
Formal,היכן,where,Secondary,
Formal,ולאן,and where,Secondary,
Formal,מהי,what is,Secondary,
Formal,אנא,please,Secondary,
Formal,אנו,we,Secondary,
Formal,אשר,which,Secondary,
Formal,הבה,let's,Secondary,
Formal,אין,is not,Secondary,
Formal,איני,I am not,Secondary,
Formal,אינךָ,you are not,Secondary,
Formal,אינךְ,you are not,Secondary,
Formal,אינו,he is not,Secondary,
Formal,אינה,she is not,Secondary,
Formal,איננו,we are not,Secondary,
Formal,אינכם,you are not,Secondary,
Formal,אינכן,you are not,Secondary,
Formal,אינם,they are not,Secondary,
Formal,אינן,they are not,Secondary,
Formal,אינני,I am not,Secondary,
Formal,איננה,she is not,Secondary,
Business,כסף,money,Primary,
Business,דולר,dollar,Primary,
Business,לעלות,to go up,Primary,
Business,חוב,debt,Primary,
Business,השקעה,investment,Primary,
Business,ביטוח,insurance,Primary,
Business,שקל,Shekel,Primary,
Business,כרטיס,ticket,Primary,
Business,עסקים,business,Primary,
Business,כרטיס אשראי,credit card,Primary,
Business,זהב,gold,Primary,
Business,מחיר,price,Primary,
Business,אגורה,Agora (Israeli currency equiv. to Cent),Primary,
Business,מותג,brand,Primary,
Business,חוזה,contract,Primary,
Business,אירו,Euro,Primary,
Business,עסקה,"transaction, deal",Primary,
Business,תקציב,budget,Primary,
Business,עודף,change (monetary),Primary,
Business,מטבע,"currency, coin",Primary,
Business,מזומן,cash,Primary,
Business,קידום,promotion,Primary,
Business,עלות,cost (noun),Primary,
Business,ארגון,organization,Primary,
Business,שטר,"bill, note, deed",Primary,
Business,ריאיון,interview,Primary,
Business,פגישה,meeting,Primary,
Business,חברה,company,Primary,
Business,משכורת,"salary, wages",Primary,
Business,מנהל,manager,Primary,
Business,פרסום,advertisement,Primary,
Business,שווי,"value, worth",Primary,
Business,מסחר,commerce,Primary,
Business,תעשייה,industry,Primary,
Business,מוצר,product,Primary,
Business,פרסומת,commercial,Primary,
Business,בורסה,stock market,Primary,
Business,סוכן,agent,Primary,
Business,שער,(exchange) rate,Primary,
Business,סיכון,risk,Primary,
Outer Space,חמה,Sun,Primary,
Outer Space,נגה,Venus,Primary,
Outer Space,מאדים,Mars,Primary,
Outer Space,צדק,Jupiter,Primary,
Outer Space,שבתאי,Saturn,Primary,
Outer Space,מערכת-שמש,Solar system,Primary,
Outer Space,גשושית,probe,Primary,
Outer Space,החלל החיצון,(the) outer space,Primary,
Outer Space,חללית,spaceship,Primary,
Outer Space,מעבורת,shuttle,Primary,
Outer Space,שיגור,launch,Primary,
Outer Space,אסטרונאוט,astronaut,Primary,
Outer Space,לוויין,satellite,Primary,
Outer Space,מסלול,orbit,Primary,
Outer Space,מטאור,meteor,Primary,
Outer Space,מכתש,crater,Primary,
Outer Space,שביל-החלב,(the) milky way,Primary,
Outer Space,גלקסיה,galaxy,Primary,
Outer Space,חור שחור,black hole,Primary,
Outer Space,ליקוי,eclipse,Primary,
Jewish Festivals,פסח,Passover,Primary,
Jewish Festivals,ליל-הסדר,Seder night,Primary,
Jewish Festivals,שבועות,Shavuot,Primary,
Jewish Festivals,יציאת מצרים,Exodus,Primary,
Jewish Festivals,מצה,Matzah,Primary,
Jewish Festivals,חג,holiday,Primary,
Jewish Festivals,לחגוג,to celebrate,Primary,
Jewish Festivals,יום כיפור,Yom Kippur,Primary,
Jewish Festivals,סוכה,"Sukka, Sukkah",Primary,
Jewish Festivals,ראש השנה,Rosh Ha'shana,Primary,
Jewish Festivals,תשעה באב,Tisha Be'av,Primary,
Jewish Festivals,סוכות,Sukkot,Primary,
Jewish Festivals,ימים נוראים,High holidays,Primary,
Jewish Festivals,צום,fast,Primary,
Jewish Festivals,שמחת תורה,Simchat Torah,Primary,
Jewish Festivals,אוזן המן,Ozen Haman,Primary,
Jewish Festivals,חנוכה,Chanukah,Primary,
Jewish Festivals,סביבון,sevivon,Primary,
Jewish Festivals,פורים,Purim,Primary,
Jewish Festivals,חנוכייה,Chanukiya,Primary,
Jewish Festivals,משלוח מנות,Mishloach Manot,Primary,
Jewish Festivals,סופגניה,Sufganiya,Primary,
Jewish Festivals,"ט""ו בשבט",Tu Bi'shvat,Primary,
Welcome to Israel,עולה חדש,Oleh Chadash,Primary,
Welcome to Israel,צבר,tzabar,Primary,
Welcome to Israel,מטקות,matkot,Primary,
Welcome to Israel,קיבוץ,kibbutz,Primary,
Welcome to Israel,אולפן,ulpan,Primary,
Welcome to Israel,עלייה,aliyah,Primary,
Welcome to Israel,על האש,al-ha'esh,Primary,
Welcome to Israel,פלאפל,falafel,Primary,
Welcome to Israel,חומוס,hummus,Primary,
Welcome to Israel,פיתה,pita,Primary,
Welcome to Israel,יום העצמאות,Yom Ha'atzmaut (Independence Day),Primary,
Welcome to Israel,מוזיקה מזרחית,Mizrachi Music,Primary,
Welcome to Israel,בלאגן,mess,Primary,
Welcome to Israel,כנרת,Kineret,Primary,
Welcome to Israel,מצדה,"Metzada, Massada",Primary,
Welcome to Israel,אילת,Eilat,Primary,
Welcome to Israel,חיפה,Haifa,Primary,
Welcome to Israel,ים המלח,The Dead Sea,Primary,
Welcome to Israel,נגב,Negev,Primary,
Welcome to Israel,הים האדום,"The Red Sea, Yam Suf",Primary,
Welcome to Israel,במבה,Bamba,Primary,
Welcome to Israel,ביסלי,Bissli,Primary,
Welcome to Israel,עגבניית שרי,cherry tomato,Primary,
Welcome to Israel,שקשוקה,shakshuka,Primary,
Welcome to Israel,קיסריה,"Kesarya, Caesarea",Primary,
Welcome to Israel,טבריה,"Tverya, Tiberias",Primary,
Welcome to Israel,באר שבע,"Be'er Sheva, Beer Sheba",Primary,